SeniorCitizen,tenure,MonthlyCharges,gender_Male,Dependents_Yes,PhoneService_Yes,MultipleLines_Yes,InternetService_Fiber optic,Contract_One year,Contract_Two year,Actual_Churn,Churn_Probability,Predicted_Churn
2.2592053176701206,-1.2359716337944677,0.6432904445192112,0.0,0.0,1.0,0.0,1.0,1.0,0.0,0,0.691984,1
-0.4426335190425645,-0.503189667548548,-0.017685867781200907,1.0,0.0,1.0,1.0,1.0,0.0,0.0,0,0.30437917,0
-0.4426335190425645,0.43314284487679394,-1.5048825704571283,1.0,1.0,1.0,0.0,0.0,1.0,0.0,0,0.020177763,0
-0.4426335190425645,0.47385295411267836,-0.34817402393140695,1.0,1.0,0.0,1.0,1.0,0.0,0.0,0,0.09386026,0
-0.4426335190425645,-0.5438997767844324,-1.4718337548421077,1.0,0.0,1.0,0.0,0.0,0.0,1.0,0,0.046562705,0
-0.4426335190425645,0.7995338279997538,0.8085345225943142,1.0,0.0,1.0,0.0,0.0,0.0,1.0,0,0.21654774,0
-0.4426335190425645,0.9216641557074071,-1.4718337548421077,1.0,1.0,1.0,0.0,0.0,0.0,0.0,0,0.010734237,0
2.2592053176701206,-0.4217694490767791,0.6763392601342318,0.0,1.0,1.0,1.0,1.0,0.0,0.0,0,0.43508953,0
-0.4426335190425645,-0.5846098860203168,-1.3065896767670044,0.0,1.0,1.0,0.0,0.0,1.0,0.0,0,0.06963457,0
-0.4426335190425645,-0.1775087936614725,0.5441439976741493,0.0,1.0,1.0,0.0,0.0,0.0,1.0,1,0.14339694,0
-0.4426335190425645,0.9623742649432915,-1.4718337548421077,0.0,1.0,1.0,0.0,1.0,0.0,0.0,0,0.0065035024,0
-0.4426335190425645,-0.2996391213691258,0.4449975508290876,0.0,0.0,1.0,0.0,1.0,0.0,0.0,0,0.32597017,0
-0.4426335190425645,-0.9510008691432766,-0.51341810200651,0.0,1.0,1.0,0.0,0.0,0.0,0.0,0,0.3289694,0
2.2592053176701206,-0.0146683567179348,1.0398762318994585,1.0,0.0,1.0,1.0,1.0,1.0,0.0,1,0.46717876,0
-0.4426335190425645,0.9623742649432915,1.1390226787445203,1.0,0.0,1.0,0.0,0.0,0.0,1.0,0,0.25173235,0
-0.4426335190425645,1.6137360127174423,-1.3065896767670044,0.0,1.0,1.0,0.0,1.0,0.0,0.0,0,0.0031681994,0
-0.4426335190425645,0.47385295411267836,0.8415833382093348,1.0,0.0,1.0,0.0,1.0,0.0,0.0,0,0.2608237,0
-0.4426335190425645,1.206634920358598,-1.339638492382025,1.0,1.0,1.0,0.0,0.0,0.0,1.0,0,0.003438937,0
-0.4426335190425645,1.2473450295944826,0.5110951820591287,0.0,0.0,1.0,0.0,0.0,0.0,1.0,0,0.032543074,0
-0.4426335190425645,1.6137360127174423,0.015362947833819699,0.0,1.0,0.0,1.0,1.0,0.0,0.0,0,0.03171232,0
-0.4426335190425645,-1.276681743030352,0.14755821029390212,0.0,0.0,1.0,1.0,1.0,0.0,0.0,1,0.6249852,1
-0.4426335190425645,1.573025903481558,0.21365584152394335,1.0,1.0,1.0,1.0,1.0,0.0,1.0,0,0.022104822,0
2.2592053176701206,1.288055138830367,1.0729250475144791,0.0,0.0,1.0,1.0,1.0,0.0,0.0,0,0.2512882,0
-0.4426335190425645,0.06675186175383406,-0.24902757708634515,1.0,0.0,1.0,1.0,1.0,0.0,0.0,0,0.12910086,0
-0.4426335190425645,-1.276681743030352,-0.6456133644665925,1.0,1.0,1.0,0.0,1.0,0.0,0.0,0,0.3035715,0
-0.4426335190425645,1.3694753573021359,0.08146057906386091,0.0,1.0,1.0,0.0,0.0,0.0,1.0,0,0.0077829408,0
-0.4426335190425645,-1.276681743030352,1.006827416284438,0.0,0.0,1.0,0.0,1.0,0.0,0.0,1,0.77792,1
-0.4426335190425645,-0.7067402137279701,0.015362947833819699,0.0,0.0,1.0,1.0,0.0,1.0,0.0,1,0.27682763,0
-0.4426335190425645,1.1659248111227136,0.5441439976741493,1.0,0.0,1.0,0.0,0.0,1.0,0.0,0,0.10892894,0
2.2592053176701206,-0.788160432199739,0.8415833382093348,1.0,0.0,1.0,1.0,0.0,0.0,1.0,1,0.63276434,1
-0.4426335190425645,-1.2359716337944677,-0.08378349901124212,0.0,0.0,1.0,0.0,0.0,0.0,0.0,0,0.65602005,1
-0.4426335190425645,1.6137360127174423,1.4695108348947263,1.0,0.0,1.0,0.0,0.0,0.0,1.0,0,0.151444,0
-0.4426335190425645,-0.2589290121332414,0.8415833382093348,0.0,0.0,1.0,1.0,0.0,0.0,1.0,0,0.32024595,0
-0.4426335190425645,0.47385295411267836,-0.31512520831638635,1.0,1.0,1.0,0.0,1.0,0.0,0.0,0,0.04652116,0
-0.4426335190425645,-1.276681743030352,-0.4473204707764688,1.0,0.0,1.0,1.0,1.0,0.0,0.0,1,0.5263191,1
-0.4426335190425645,1.6137360127174423,1.2051203099745615,0.0,0.0,1.0,0.0,0.0,1.0,0.0,0,0.07522246,0
-0.4426335190425645,-1.276681743030352,-0.8108574425416955,0.0,1.0,0.0,0.0,1.0,0.0,0.0,1,0.46084595,0
-0.4426335190425645,0.636693391056216,1.172071494359541,0.0,1.0,1.0,1.0,1.0,0.0,0.0,0,0.23006405,0
-0.4426335190425645,0.10746197098971849,0.34585110398402574,1.0,0.0,1.0,0.0,0.0,0.0,1.0,1,0.24702317,0
2.2592053176701206,-1.276681743030352,0.34585110398402574,1.0,0.0,1.0,0.0,1.0,0.0,0.0,1,0.6931568,1
-0.4426335190425645,0.43314284487679394,-0.14988113024128333,1.0,0.0,1.0,0.0,0.0,0.0,1.0,0,0.09592805,0
-0.4426335190425645,0.8809540464715226,-0.14988113024128333,0.0,1.0,1.0,0.0,0.0,0.0,0.0,0,0.03679423,0
-0.4426335190425645,0.06675186175383406,0.4780463664441082,1.0,1.0,1.0,1.0,1.0,0.0,1.0,0,0.16165611,0
-0.4426335190425645,-1.1545514153226988,-0.8108574425416955,1.0,0.0,0.0,0.0,0.0,0.0,0.0,0,0.5469893,1
2.2592053176701206,0.35172262640502505,1.006827416284438,1.0,0.0,1.0,1.0,1.0,0.0,0.0,0,0.47735968,0
-0.4426335190425645,-0.5846098860203168,1.006827416284438,1.0,0.0,1.0,1.0,1.0,1.0,0.0,1,0.4500729,0
-0.4426335190425645,0.31101251716914063,-0.4473204707764688,0.0,1.0,0.0,1.0,1.0,1.0,0.0,0,0.06855787,0
2.2592053176701206,-0.9917109783791611,0.6763392601342318,0.0,0.0,1.0,0.0,0.0,1.0,0.0,0,0.66223764,1
2.2592053176701206,-0.9917109783791611,-0.7117109956966337,1.0,0.0,0.0,0.0,0.0,0.0,0.0,0,0.61669743,1
-0.4426335190425645,-0.788160432199739,-0.28207639270136575,0.0,1.0,1.0,0.0,1.0,0.0,0.0,1,0.20889497,0
-0.4426335190425645,-0.788160432199739,-1.4718337548421077,0.0,1.0,1.0,0.0,0.0,0.0,0.0,0,0.08454327,0
2.2592053176701206,-1.276681743030352,-1.3065896767670044,1.0,0.0,0.0,0.0,0.0,0.0,0.0,1,0.63695145,1
-0.4426335190425645,-1.07313119685093,0.8415833382093348,0.0,0.0,1.0,0.0,1.0,1.0,0.0,0,0.68876684,1
2.2592053176701206,0.43314284487679394,0.9737786006694172,0.0,0.0,1.0,1.0,1.0,0.0,1.0,0,0.3332898,0
-0.4426335190425645,1.6137360127174423,0.9737786006694172,0.0,0.0,1.0,1.0,0.0,0.0,1.0,0,0.06455314,0
2.2592053176701206,-1.276681743030352,0.7093880757492524,1.0,0.0,1.0,0.0,0.0,0.0,0.0,1,0.75108016,1
-0.4426335190425645,1.1252147018868293,1.5356084661247675,1.0,1.0,1.0,1.0,0.0,0.0,1.0,0,0.20358841,0
-0.4426335190425645,-0.0146683567179348,1.1390226787445203,0.0,1.0,1.0,0.0,0.0,0.0,0.0,0,0.4497717,0
-0.4426335190425645,1.4508955757739046,1.172071494359541,1.0,0.0,1.0,0.0,0.0,0.0,0.0,0,0.17219116,0
-0.4426335190425645,0.43314284487679394,0.5110951820591287,0.0,0.0,1.0,0.0,0.0,0.0,1.0,0,0.13375096,0
-0.4426335190425645,0.1481720802256029,0.37889991959904634,0.0,0.0,1.0,1.0,1.0,0.0,0.0,0,0.1779256,0
-0.4426335190425645,-1.276681743030352,-0.678662180081613,0.0,0.0,1.0,1.0,1.0,0.0,0.0,1,0.3719538,0
-0.4426335190425645,-0.3403492306050102,-1.438784939227087,1.0,0.0,1.0,0.0,0.0,0.0,0.0,0,0.05499469,0
-0.4426335190425645,0.9623742649432915,0.8415833382093348,1.0,0.0,1.0,1.0,0.0,0.0,1.0,0,0.16329749,0
-0.4426335190425645,-0.3810593398408947,0.4780463664441082,0.0,0.0,1.0,0.0,0.0,1.0,0.0,1,0.30300176,0
-0.4426335190425645,0.6774035002921005,1.0398762318994585,0.0,1.0,1.0,1.0,1.0,0.0,1.0,1,0.11165876,0
-0.4426335190425645,-0.8288705414356234,1.0398762318994585,1.0,0.0,1.0,1.0,1.0,0.0,0.0,1,0.57569975,1
-0.4426335190425645,-1.276681743030352,-0.678662180081613,0.0,0.0,1.0,0.0,0.0,0.0,0.0,1,0.49190482,0
-0.4426335190425645,-0.5438997767844324,1.172071494359541,1.0,1.0,1.0,0.0,0.0,0.0,0.0,1,0.41547155,0
-0.4426335190425645,0.8809540464715226,1.502559650509747,1.0,0.0,1.0,1.0,1.0,0.0,0.0,1,0.28392783,0
-0.4426335190425645,1.6137360127174423,-1.3065896767670044,0.0,0.0,1.0,0.0,0.0,1.0,0.0,0,0.007173529,0
-0.4426335190425645,-0.7067402137279701,-1.4718337548421077,0.0,1.0,1.0,1.0,1.0,0.0,0.0,0,0.0646805,0
-0.4426335190425645,-1.07313119685093,0.4780463664441082,0.0,0.0,1.0,0.0,1.0,0.0,0.0,1,0.6525464,1
-0.4426335190425645,0.9623742649432915,1.1390226787445203,0.0,0.0,1.0,1.0,1.0,0.0,0.0,0,0.1789462,0
-0.4426335190425645,-0.6253199952562012,-0.28207639270136575,1.0,0.0,1.0,1.0,1.0,0.0,0.0,0,0.27835223,0
2.2592053176701206,0.636693391056216,0.21365584152394335,0.0,0.0,1.0,0.0,0.0,0.0,0.0,0,0.23290628,0
-0.4426335190425645,-1.1545514153226988,-1.4718337548421077,1.0,0.0,1.0,1.0,1.0,1.0,0.0,0,0.17060952,0
-0.4426335190425645,-1.276681743030352,-1.4718337548421077,0.0,0.0,1.0,1.0,0.0,1.0,0.0,1,0.25950894,0
-0.4426335190425645,1.6137360127174423,1.6017060973548087,0.0,1.0,1.0,1.0,1.0,1.0,0.0,0,0.0777601,0
-0.4426335190425645,-1.0324210876150455,-1.4718337548421077,1.0,0.0,1.0,1.0,1.0,0.0,0.0,0,0.12311136,0
-0.4426335190425645,0.35172262640502505,-1.438784939227087,0.0,0.0,1.0,0.0,0.0,0.0,0.0,0,0.030415175,0
2.2592053176701206,1.4916056850097892,1.006827416284438,1.0,0.0,1.0,0.0,1.0,0.0,1.0,0,0.14733976,0
2.2592053176701206,-0.6660301044920857,0.6763392601342318,0.0,0.0,1.0,1.0,0.0,0.0,1.0,1,0.6079514,1
-0.4426335190425645,0.06675186175383406,0.742436891364273,0.0,1.0,1.0,1.0,0.0,0.0,1.0,1,0.18962395,0
-0.4426335190425645,-0.5846098860203168,0.18060702590892272,0.0,0.0,1.0,0.0,0.0,1.0,0.0,0,0.32005912,0
-0.4426335190425645,1.4916056850097892,-0.11683231462626273,0.0,0.0,1.0,1.0,1.0,0.0,0.0,0,0.030247103,0
-0.4426335190425645,-0.7067402137279701,-0.18292994585630393,0.0,0.0,1.0,1.0,1.0,0.0,0.0,0,0.23861408,0
2.2592053176701206,-0.6660301044920857,1.1390226787445203,1.0,0.0,1.0,0.0,0.0,0.0,0.0,1,0.6326596,1
-0.4426335190425645,0.6774035002921005,0.6432904445192112,1.0,0.0,1.0,1.0,0.0,0.0,1.0,1,0.17313638,0
2.2592053176701206,0.5552731725844472,1.1390226787445203,1.0,0.0,1.0,1.0,1.0,1.0,0.0,0,0.3885254,0
-0.4426335190425645,0.02604175251794963,0.7093880757492524,0.0,1.0,1.0,0.0,0.0,0.0,0.0,1,0.32432032,0
-0.4426335190425645,1.084504592650945,1.5356084661247675,1.0,1.0,1.0,1.0,1.0,0.0,0.0,0,0.21434595,0
-0.4426335190425645,1.3287652480662513,1.3042667568196233,1.0,1.0,1.0,1.0,0.0,0.0,1.0,0,0.14905497,0
-0.4426335190425645,-1.1952615245585831,-0.4473204707764688,0.0,0.0,0.0,0.0,0.0,0.0,0.0,1,0.6707633,1
2.2592053176701206,0.22959229869737177,1.172071494359541,0.0,0.0,1.0,1.0,1.0,0.0,1.0,1,0.42513138,0
2.2592053176701206,1.206634920358598,1.5356084661247675,1.0,0.0,1.0,0.0,1.0,1.0,0.0,0,0.22018874,0
-0.4426335190425645,0.8402439372356382,1.5686572817397881,0.0,0.0,1.0,0.0,0.0,0.0,0.0,0,0.33239874,0
-0.4426335190425645,0.31101251716914063,-0.08378349901124212,1.0,0.0,0.0,0.0,1.0,1.0,0.0,0,0.15697205,0
-0.4426335190425645,0.8809540464715226,1.5356084661247675,0.0,0.0,1.0,0.0,0.0,0.0,1.0,1,0.21821454,0
2.2592053176701206,-1.276681743030352,-0.6125645488515719,1.0,0.0,1.0,1.0,1.0,0.0,0.0,0,0.5857441,1
-0.4426335190425645,1.4101854665380202,0.9737786006694172,0.0,1.0,1.0,0.0,1.0,0.0,0.0,1,0.057702202,0
2.2592053176701206,-0.0146683567179348,0.31280228836900514,0.0,0.0,1.0,1.0,1.0,0.0,0.0,1,0.3688838,0
-0.4426335190425645,-1.2359716337944677,0.18060702590892272,1.0,1.0,1.0,0.0,0.0,0.0,1.0,0,0.4553535,0
2.2592053176701206,1.003084374179176,-0.6456133644665925,1.0,0.0,0.0,1.0,1.0,0.0,0.0,1,0.15849625,0
-0.4426335190425645,0.8402439372356382,-0.14988113024128333,1.0,0.0,0.0,1.0,0.0,0.0,1.0,1,0.103940904,0
-0.4426335190425645,-0.788160432199739,-1.3065896767670044,0.0,1.0,1.0,0.0,0.0,1.0,0.0,0,0.10583059,0
-0.4426335190425645,-0.2996391213691258,-1.2735408611519838,1.0,1.0,1.0,0.0,0.0,0.0,0.0,0,0.056568462,0
-0.4426335190425645,0.10746197098971849,-1.4718337548421077,1.0,0.0,1.0,1.0,0.0,0.0,1.0,0,0.026862223,0
-0.4426335190425645,-0.7474503229638545,0.37889991959904634,1.0,0.0,1.0,1.0,0.0,0.0,1.0,0,0.42954105,0
2.2592053176701206,1.6137360127174423,0.015362947833819699,1.0,1.0,0.0,1.0,1.0,0.0,0.0,0,0.09120377,0
-0.4426335190425645,1.6137360127174423,-1.4718337548421077,0.0,1.0,1.0,0.0,1.0,0.0,0.0,0,0.0025898279,0
-0.4426335190425645,-0.055378465953819234,1.3042667568196233,0.0,0.0,1.0,0.0,0.0,0.0,0.0,0,0.46868008,0
-0.4426335190425645,0.636693391056216,-1.4718337548421077,1.0,0.0,1.0,1.0,0.0,0.0,1.0,0,0.017636003,0
-0.4426335190425645,-0.3810593398408947,0.34585110398402574,0.0,1.0,1.0,0.0,1.0,0.0,0.0,0,0.2503941,0
-0.4426335190425645,-0.788160432199739,-0.6125645488515719,1.0,0.0,0.0,0.0,1.0,0.0,0.0,1,0.45877165,0
-0.4426335190425645,0.718113609527985,-1.438784939227087,0.0,1.0,1.0,1.0,1.0,0.0,0.0,0,0.014275746,0
-0.4426335190425645,-0.4217694490767791,1.2051203099745615,1.0,0.0,1.0,1.0,1.0,0.0,0.0,1,0.4680015,0
-0.4426335190425645,1.573025903481558,-1.5048825704571283,1.0,1.0,1.0,0.0,1.0,0.0,0.0,0,0.004357228,0
-0.4426335190425645,1.288055138830367,0.907680969439376,1.0,1.0,1.0,0.0,0.0,1.0,0.0,0,0.08569681,0
-0.4426335190425645,1.4508955757739046,1.337315572434644,1.0,1.0,1.0,0.0,0.0,0.0,1.0,0,0.07147503,0
-0.4426335190425645,-1.276681743030352,-0.34817402393140695,0.0,1.0,1.0,1.0,1.0,0.0,0.0,0,0.40758514,0
-0.4426335190425645,-0.1775087936614725,0.8415833382093348,0.0,0.0,1.0,0.0,0.0,0.0,0.0,1,0.44004554,0
-0.4426335190425645,-0.1367986844255881,-1.009150336231819,1.0,0.0,0.0,0.0,1.0,1.0,0.0,0,0.09906147,0
-0.4426335190425645,1.3287652480662513,0.37889991959904634,1.0,0.0,1.0,0.0,1.0,0.0,0.0,0,0.060748436,0
2.2592053176701206,-0.7474503229638545,0.8415833382093348,1.0,0.0,1.0,1.0,1.0,0.0,1.0,1,0.5916897,1
2.2592053176701206,0.18888218946148735,-1.4718337548421077,0.0,0.0,1.0,1.0,0.0,1.0,0.0,0,0.09604533,0
2.2592053176701206,0.31101251716914063,-0.843906258156716,0.0,0.0,0.0,0.0,0.0,1.0,0.0,1,0.18390864,0
2.2592053176701206,-0.3810593398408947,0.8415833382093348,1.0,0.0,1.0,1.0,0.0,1.0,0.0,0,0.48944247,0
-0.4426335190425645,0.636693391056216,-0.14988113024128333,0.0,0.0,1.0,1.0,1.0,0.0,0.0,1,0.066102564,0
-0.4426335190425645,-0.1367986844255881,0.34585110398402574,1.0,0.0,1.0,0.0,1.0,0.0,0.0,0,0.30202526,0
-0.4426335190425645,-0.1367986844255881,0.8085345225943142,1.0,1.0,1.0,0.0,0.0,1.0,0.0,1,0.27219313,0
-0.4426335190425645,0.18888218946148735,1.2381691255895821,0.0,0.0,1.0,1.0,1.0,0.0,0.0,1,0.33840913,0
-0.4426335190425645,-0.5438997767844324,0.8415833382093348,1.0,0.0,1.0,0.0,0.0,0.0,0.0,0,0.42377388,0
2.2592053176701206,1.1252147018868293,1.502559650509747,0.0,0.0,1.0,0.0,1.0,0.0,0.0,0,0.26645446,0
-0.4426335190425645,-0.1367986844255881,-1.4718337548421077,0.0,1.0,1.0,1.0,1.0,1.0,0.0,0,0.031147154,0
2.2592053176701206,0.6774035002921005,0.5441439976741493,1.0,0.0,1.0,0.0,1.0,1.0,0.0,0,0.2412367,0
-0.4426335190425645,-0.2589290121332414,-1.4718337548421077,0.0,1.0,1.0,1.0,1.0,0.0,0.0,0,0.039310224,0
-0.4426335190425645,-0.0146683567179348,-0.4473204707764688,1.0,1.0,0.0,0.0,1.0,0.0,0.0,0,0.12588012,0
-0.4426335190425645,0.22959229869737177,-1.4718337548421077,1.0,0.0,1.0,1.0,0.0,0.0,1.0,0,0.024365395,0
2.2592053176701206,-1.1138413060868144,0.14755821029390212,0.0,0.0,1.0,0.0,1.0,1.0,0.0,1,0.5987188,1
-0.4426335190425645,0.31101251716914063,-0.4803692863914894,0.0,0.0,1.0,0.0,0.0,0.0,0.0,0,0.07914593,0
-0.4426335190425645,0.1481720802256029,-1.3065896767670044,1.0,1.0,1.0,0.0,0.0,0.0,0.0,0,0.0341071,0
-0.4426335190425645,-0.1367986844255881,-0.6125645488515719,1.0,0.0,0.0,0.0,0.0,0.0,0.0,0,0.24468638,0
2.2592053176701206,-1.1545514153226988,-0.4473204707764688,1.0,0.0,0.0,0.0,0.0,0.0,0.0,0,0.68937445,1
2.2592053176701206,1.288055138830367,0.34585110398402574,0.0,0.0,1.0,1.0,1.0,0.0,1.0,0,0.09556046,0
2.2592053176701206,1.288055138830367,0.5110951820591287,1.0,0.0,1.0,0.0,0.0,0.0,0.0,0,0.18787386,0
-0.4426335190425645,1.6137360127174423,0.8415833382093348,0.0,1.0,1.0,0.0,0.0,0.0,0.0,0,0.03202719,0
-0.4426335190425645,-0.5438997767844324,0.8415833382093348,0.0,0.0,1.0,0.0,0.0,0.0,0.0,1,0.5574946,1
-0.4426335190425645,-0.7067402137279701,-0.4473204707764688,0.0,0.0,1.0,1.0,1.0,0.0,0.0,0,0.17998481,0
-0.4426335190425645,-0.7067402137279701,0.37889991959904634,0.0,1.0,1.0,1.0,0.0,0.0,1.0,0,0.31584388,0
-0.4426335190425645,-1.276681743030352,0.37889991959904634,1.0,0.0,1.0,1.0,1.0,0.0,0.0,0,0.63812053,1
-0.4426335190425645,1.6137360127174423,0.5441439976741493,1.0,1.0,1.0,0.0,0.0,0.0,0.0,0,0.042091537,0
-0.4426335190425645,-0.2996391213691258,-0.7778086269266749,1.0,1.0,0.0,0.0,1.0,0.0,0.0,0,0.12176425,0
2.2592053176701206,0.7995338279997538,0.5441439976741493,1.0,1.0,1.0,0.0,0.0,0.0,1.0,0,0.11289515,0
-0.4426335190425645,-0.0146683567179348,1.172071494359541,1.0,1.0,1.0,0.0,0.0,0.0,1.0,1,0.3256967,0
-0.4426335190425645,1.0437944834150603,-1.4718337548421077,1.0,0.0,1.0,1.0,1.0,0.0,0.0,0,0.014449557,0
-0.4426335190425645,1.1252147018868293,-0.11683231462626273,1.0,0.0,1.0,1.0,0.0,0.0,0.0,0,0.06415426,0
-0.4426335190425645,-1.1952615245585831,1.1390226787445203,0.0,0.0,1.0,1.0,1.0,0.0,1.0,1,0.7386657,1
2.2592053176701206,-0.6660301044920857,0.9737786006694172,0.0,0.0,1.0,1.0,1.0,0.0,0.0,1,0.5958941,1
-0.4426335190425645,1.084504592650945,1.2051203099745615,0.0,0.0,1.0,1.0,0.0,1.0,0.0,1,0.14865147,0
-0.4426335190425645,-0.2996391213691258,-1.5048825704571283,1.0,1.0,1.0,1.0,1.0,0.0,0.0,0,0.04086463,0
-0.4426335190425645,-0.9510008691432766,-1.4718337548421077,1.0,0.0,1.0,1.0,1.0,0.0,0.0,0,0.10320283,0
2.2592053176701206,-0.8288705414356234,0.4780463664441082,0.0,0.0,1.0,0.0,0.0,0.0,0.0,0,0.61810553,1
-0.4426335190425645,1.2473450295944826,-1.3065896767670044,1.0,1.0,1.0,1.0,0.0,0.0,1.0,0,0.0077650025,0
-0.4426335190425645,0.7588237187638693,1.006827416284438,0.0,1.0,1.0,1.0,1.0,0.0,1.0,0,0.09988633,0
-0.4426335190425645,-1.1952615245585831,0.18060702590892272,1.0,1.0,1.0,0.0,0.0,0.0,1.0,1,0.44175854,0
-0.4426335190425645,0.43314284487679394,0.9407297850543966,0.0,1.0,1.0,0.0,0.0,0.0,0.0,0,0.25459754,0
-0.4426335190425645,-0.8288705414356234,-0.6456133644665925,1.0,0.0,1.0,0.0,0.0,1.0,0.0,1,0.2897765,0
-0.4426335190425645,1.084504592650945,0.5110951820591287,0.0,0.0,1.0,1.0,1.0,0.0,0.0,0,0.08351214,0
-0.4426335190425645,-1.1138413060868144,-1.1413455986919014,0.0,1.0,0.0,0.0,0.0,0.0,0.0,0,0.43239632,0
-0.4426335190425645,-1.276681743030352,-1.4718337548421077,0.0,0.0,1.0,1.0,1.0,1.0,0.0,0,0.17357275,0
-0.4426335190425645,-1.276681743030352,0.18060702590892272,0.0,0.0,1.0,1.0,1.0,0.0,0.0,1,0.6319487,1
2.2592053176701206,-0.8695806506715078,0.4449975508290876,1.0,0.0,1.0,1.0,1.0,0.0,0.0,0,0.5881561,1
2.2592053176701206,-0.9102907599073923,0.907680969439376,1.0,0.0,1.0,0.0,0.0,1.0,0.0,1,0.6527137,1
-0.4426335190425645,1.1659248111227136,0.6763392601342318,1.0,1.0,1.0,1.0,1.0,0.0,1.0,0,0.060561232,0
-0.4426335190425645,1.573025903481558,0.57719281328917,0.0,0.0,1.0,1.0,1.0,1.0,0.0,0,0.044659004,0
-0.4426335190425645,-0.4217694490767791,0.37889991959904634,0.0,0.0,1.0,1.0,0.0,0.0,1.0,0,0.27557936,0
-0.4426335190425645,-1.1952615245585831,-1.5048825704571283,0.0,1.0,1.0,0.0,0.0,1.0,0.0,0,0.21064952,0
-0.4426335190425645,-0.9102907599073923,-1.5048825704571283,0.0,0.0,1.0,1.0,1.0,0.0,0.0,0,0.08372256,0
-0.4426335190425645,0.7588237187638693,1.5686572817397881,0.0,0.0,1.0,0.0,0.0,1.0,0.0,0,0.2489986,0
2.2592053176701206,-0.21821890289735696,1.3042667568196233,0.0,0.0,1.0,0.0,1.0,0.0,0.0,1,0.52848905,1
-0.4426335190425645,0.02604175251794963,1.4364620192797057,0.0,0.0,1.0,0.0,0.0,0.0,0.0,0,0.46719277,0
-0.4426335190425645,1.4916056850097892,0.4780463664441082,1.0,0.0,1.0,0.0,1.0,0.0,0.0,1,0.05609143,0
2.2592053176701206,-1.2359716337944677,0.7093880757492524,0.0,0.0,1.0,0.0,0.0,1.0,0.0,1,0.73467684,1
-0.4426335190425645,-0.6660301044920857,1.006827416284438,0.0,0.0,1.0,0.0,0.0,1.0,0.0,0,0.5784497,1
-0.4426335190425645,-0.7067402137279701,-1.5048825704571283,1.0,1.0,1.0,1.0,0.0,0.0,0.0,0,0.07051386,0
-0.4426335190425645,1.5323157942456735,0.14755821029390212,1.0,1.0,1.0,1.0,1.0,0.0,0.0,0,0.03313957,0
-0.4426335190425645,-1.276681743030352,-0.6125645488515719,1.0,0.0,1.0,1.0,1.0,0.0,0.0,1,0.49191442,0
-0.4426335190425645,-1.276681743030352,-0.4803692863914894,1.0,1.0,1.0,0.0,0.0,0.0,0.0,0,0.40138572,0
-0.4426335190425645,-1.276681743030352,-1.438784939227087,1.0,0.0,1.0,1.0,1.0,1.0,0.0,0,0.23949486,0
-0.4426335190425645,-0.4624795583126635,0.5441439976741493,0.0,0.0,1.0,0.0,0.0,0.0,0.0,0,0.47374332,0
-0.4426335190425645,-0.5846098860203168,0.7754857069792936,1.0,1.0,1.0,0.0,0.0,0.0,0.0,0,0.38665944,0
2.2592053176701206,-1.0324210876150455,1.2381691255895821,1.0,0.0,1.0,0.0,0.0,1.0,0.0,1,0.7186695,1
-0.4426335190425645,1.1659248111227136,0.5441439976741493,1.0,1.0,1.0,1.0,1.0,0.0,0.0,0,0.07018648,0
-0.4426335190425645,1.4508955757739046,-1.2735408611519838,1.0,1.0,1.0,0.0,0.0,0.0,0.0,0,0.0064271064,0
-0.4426335190425645,0.7588237187638693,-1.3065896767670044,1.0,1.0,1.0,0.0,1.0,0.0,0.0,0,0.012931734,0
-0.4426335190425645,0.47385295411267836,-1.4718337548421077,1.0,0.0,1.0,0.0,0.0,0.0,1.0,0,0.016731305,0
-0.4426335190425645,-0.7474503229638545,0.14755821029390212,1.0,1.0,1.0,0.0,1.0,0.0,1.0,0,0.25249955,0
-0.4426335190425645,1.6137360127174423,1.5356084661247675,1.0,0.0,1.0,1.0,0.0,0.0,1.0,0,0.1766061,0
2.2592053176701206,-0.3403492306050102,1.0729250475144791,0.0,1.0,1.0,1.0,0.0,0.0,0.0,0,0.5024644,1
-0.4426335190425645,-0.3403492306050102,0.5110951820591287,0.0,0.0,1.0,0.0,1.0,1.0,0.0,0,0.2677181,0
-0.4426335190425645,-0.9917109783791611,-0.4473204707764688,1.0,1.0,1.0,0.0,1.0,0.0,0.0,0,0.24478786,0
-0.4426335190425645,0.2703024079332562,1.172071494359541,1.0,1.0,1.0,1.0,1.0,0.0,1.0,0,0.2357121,0
-0.4426335190425645,1.3287652480662513,0.08146057906386091,1.0,0.0,1.0,0.0,0.0,0.0,1.0,0,0.04096835,0
-0.4426335190425645,-0.2996391213691258,-1.438784939227087,1.0,0.0,1.0,0.0,0.0,0.0,1.0,0,0.03629547,0
-0.4426335190425645,1.5323157942456735,0.6763392601342318,0.0,0.0,1.0,0.0,1.0,0.0,0.0,0,0.051573202,0
-0.4426335190425645,1.6137360127174423,-1.3065896767670044,1.0,1.0,1.0,1.0,1.0,0.0,0.0,0,0.007531129,0
-0.4426335190425645,-1.276681743030352,-1.4718337548421077,0.0,0.0,1.0,0.0,0.0,0.0,0.0,0,0.26651067,0
-0.4426335190425645,-0.8695806506715078,-1.3065896767670044,0.0,0.0,1.0,1.0,0.0,0.0,1.0,0,0.089194834,0
-0.4426335190425645,-0.8288705414356234,0.8085345225943142,0.0,0.0,1.0,0.0,0.0,0.0,1.0,0,0.6418747,1
2.2592053176701206,0.10746197098971849,1.2051203099745615,1.0,0.0,1.0,1.0,0.0,0.0,1.0,1,0.5261531,1
-0.4426335190425645,1.3694753573021359,-1.438784939227087,1.0,1.0,1.0,1.0,0.0,0.0,1.0,0,0.0055559943,0
-0.4426335190425645,1.3694753573021359,1.2381691255895821,0.0,1.0,1.0,1.0,1.0,0.0,0.0,1,0.11167511,0
2.2592053176701206,1.1659248111227136,1.1390226787445203,1.0,1.0,1.0,0.0,0.0,1.0,0.0,0,0.14921333,0
-0.4426335190425645,-1.276681743030352,-1.4718337548421077,1.0,0.0,1.0,0.0,0.0,0.0,0.0,0,0.241948,0
-0.4426335190425645,-0.9102907599073923,-0.6456133644665925,0.0,0.0,1.0,0.0,0.0,0.0,1.0,0,0.23796876,0
-0.4426335190425645,1.4508955757739046,-0.34817402393140695,0.0,0.0,0.0,1.0,0.0,1.0,0.0,0,0.038978014,0
-0.4426335190425645,0.5552731725844472,0.5441439976741493,1.0,1.0,1.0,0.0,1.0,0.0,0.0,0,0.11805486,0
-0.4426335190425645,-1.1545514153226988,-0.6125645488515719,0.0,0.0,1.0,0.0,1.0,1.0,0.0,1,0.37859318,0
-0.4426335190425645,-1.1138413060868144,-0.8108574425416955,0.0,0.0,0.0,1.0,0.0,1.0,0.0,1,0.5350605,1
-0.4426335190425645,1.288055138830367,0.27975347275398454,1.0,1.0,1.0,0.0,0.0,0.0,1.0,0,0.024047978,0
-0.4426335190425645,1.0437944834150603,1.006827416284438,0.0,0.0,1.0,0.0,0.0,0.0,0.0,0,0.17497118,0
-0.4426335190425645,0.636693391056216,0.34585110398402574,0.0,0.0,1.0,0.0,0.0,0.0,0.0,0,0.13168879,0
-0.4426335190425645,1.5323157942456735,0.015362947833819699,1.0,0.0,1.0,0.0,0.0,0.0,0.0,0,0.052410945,0
-0.4426335190425645,-0.9917109783791611,-0.31512520831638635,1.0,0.0,1.0,0.0,0.0,0.0,1.0,0,0.367786,0
-0.4426335190425645,-0.6253199952562012,-0.31512520831638635,1.0,0.0,0.0,1.0,0.0,1.0,0.0,0,0.42859983,0
-0.4426335190425645,-0.9102907599073923,0.015362947833819699,0.0,0.0,1.0,1.0,1.0,0.0,0.0,0,0.36116585,0
-0.4426335190425645,-0.3810593398408947,-1.4718337548421077,0.0,1.0,1.0,0.0,0.0,0.0,0.0,0,0.045156848,0
-0.4426335190425645,-0.2996391213691258,1.172071494359541,0.0,0.0,1.0,1.0,0.0,0.0,1.0,1,0.41831467,0
2.2592053176701206,-0.1367986844255881,0.6432904445192112,1.0,0.0,1.0,1.0,0.0,0.0,1.0,0,0.5062326,1
-0.4426335190425645,-1.1952615245585831,-0.4803692863914894,1.0,0.0,1.0,0.0,1.0,1.0,0.0,0,0.47363046,0
2.2592053176701206,-1.276681743030352,-0.6125645488515719,0.0,0.0,1.0,0.0,0.0,0.0,0.0,1,0.6194999,1
-0.4426335190425645,-1.1138413060868144,0.37889991959904634,0.0,0.0,1.0,0.0,0.0,0.0,0.0,0,0.6957518,1
-0.4426335190425645,1.4916056850097892,1.502559650509747,1.0,0.0,1.0,1.0,1.0,0.0,0.0,0,0.17611967,0
2.2592053176701206,-1.1545514153226988,-0.6125645488515719,0.0,1.0,1.0,0.0,0.0,1.0,0.0,1,0.4597223,0
2.2592053176701206,0.5552731725844472,1.502559650509747,0.0,0.0,1.0,0.0,0.0,1.0,0.0,1,0.33836642,0
-0.4426335190425645,-0.9917109783791611,0.34585110398402574,1.0,0.0,1.0,0.0,0.0,0.0,0.0,1,0.5248836,1
-0.4426335190425645,-0.9510008691432766,0.18060702590892272,1.0,0.0,1.0,0.0,0.0,0.0,0.0,0,0.4745823,0
2.2592053176701206,0.6774035002921005,0.8415833382093348,0.0,0.0,1.0,0.0,0.0,0.0,1.0,0,0.20093158,0
-0.4426335190425645,0.8402439372356382,0.24670465713896395,1.0,1.0,1.0,0.0,0.0,0.0,1.0,0,0.04402873,0
-0.4426335190425645,-1.276681743030352,0.37889991959904634,1.0,0.0,1.0,0.0,0.0,0.0,0.0,1,0.64130545,1
-0.4426335190425645,-1.1952615245585831,0.34585110398402574,0.0,0.0,1.0,0.0,1.0,0.0,0.0,1,0.66400135,1
-0.4426335190425645,-0.6660301044920857,0.6763392601342318,1.0,1.0,1.0,0.0,0.0,0.0,1.0,0,0.36735374,0
-0.4426335190425645,-0.7474503229638545,-1.4718337548421077,1.0,0.0,1.0,0.0,0.0,0.0,1.0,0,0.06525018,0
-0.4426335190425645,-0.2996391213691258,-1.3065896767670044,0.0,0.0,1.0,1.0,1.0,1.0,0.0,1,0.04793897,0
-0.4426335190425645,-0.9917109783791611,0.6763392601342318,0.0,0.0,1.0,1.0,1.0,0.0,0.0,1,0.6316174,1
2.2592053176701206,-1.1545514153226988,1.172071494359541,0.0,0.0,1.0,0.0,0.0,1.0,0.0,1,0.7587197,1
-0.4426335190425645,-0.2589290121332414,-1.1413455986919014,0.0,1.0,0.0,1.0,0.0,0.0,1.0,0,0.070830636,0
-0.4426335190425645,-1.276681743030352,-0.6456133644665925,0.0,0.0,1.0,1.0,1.0,1.0,0.0,0,0.36813325,0
2.2592053176701206,-0.2589290121332414,0.9737786006694172,1.0,0.0,1.0,1.0,1.0,0.0,0.0,0,0.5117707,1
-0.4426335190425645,0.9216641557074071,-0.31512520831638635,1.0,1.0,1.0,0.0,0.0,0.0,0.0,0,0.042364463,0
-0.4426335190425645,-0.9510008691432766,-1.4718337548421077,0.0,1.0,1.0,0.0,0.0,0.0,1.0,0,0.05591438,0
-0.4426335190425645,0.39243273564090947,0.9737786006694172,1.0,0.0,1.0,1.0,1.0,0.0,0.0,0,0.28173134,0
-0.4426335190425645,-1.1138413060868144,-1.009150336231819,0.0,1.0,0.0,0.0,0.0,1.0,0.0,0,0.42556435,0
2.2592053176701206,0.06675186175383406,0.9737786006694172,0.0,0.0,1.0,0.0,0.0,0.0,0.0,1,0.48751777,0
-0.4426335190425645,-0.6660301044920857,-1.4718337548421077,1.0,0.0,1.0,0.0,0.0,0.0,0.0,0,0.075354,0
-0.4426335190425645,0.636693391056216,0.18060702590892272,0.0,0.0,1.0,0.0,0.0,0.0,0.0,0,0.11200515,0
-0.4426335190425645,1.3287652480662513,-0.6456133644665925,0.0,1.0,0.0,1.0,0.0,0.0,0.0,0,0.023267508,0
-0.4426335190425645,-0.9510008691432766,-0.4803692863914894,1.0,1.0,1.0,0.0,0.0,0.0,0.0,0,0.29236475,0
-0.4426335190425645,-0.21821890289735696,-0.51341810200651,1.0,0.0,1.0,1.0,1.0,0.0,0.0,0,0.1268496,0
2.2592053176701206,-1.1545514153226988,1.006827416284438,1.0,0.0,1.0,1.0,0.0,1.0,0.0,0,0.6972685,1
-0.4426335190425645,-0.3403492306050102,-1.438784939227087,1.0,1.0,1.0,1.0,0.0,0.0,0.0,0,0.04933846,0
-0.4426335190425645,-0.5438997767844324,-0.9761015206167984,1.0,1.0,0.0,1.0,0.0,0.0,1.0,0,0.18405373,0
-0.4426335190425645,0.8402439372356382,1.172071494359541,0.0,0.0,1.0,1.0,0.0,1.0,0.0,0,0.17301564,0
2.2592053176701206,0.5552731725844472,1.2051203099745615,1.0,1.0,1.0,1.0,0.0,0.0,1.0,1,0.36374027,0
-0.4426335190425645,-1.1545514153226988,0.8415833382093348,1.0,0.0,1.0,1.0,1.0,1.0,0.0,1,0.6443982,1
-0.4426335190425645,0.10746197098971849,0.7093880757492524,0.0,0.0,1.0,1.0,1.0,0.0,0.0,1,0.25766122,0
-0.4426335190425645,1.6137360127174423,1.4364620192797057,0.0,0.0,1.0,0.0,0.0,0.0,0.0,0,0.11209124,0
-0.4426335190425645,-0.2996391213691258,-0.9761015206167984,0.0,1.0,0.0,1.0,1.0,0.0,0.0,0,0.116979696,0
-0.4426335190425645,-0.8288705414356234,-1.4718337548421077,0.0,0.0,1.0,0.0,0.0,0.0,1.0,0,0.07037736,0
-0.4426335190425645,1.4508955757739046,-1.4718337548421077,0.0,0.0,1.0,0.0,1.0,0.0,0.0,0,0.006428785,0
-0.4426335190425645,1.2473450295944826,0.5110951820591287,0.0,0.0,1.0,1.0,1.0,0.0,0.0,0,0.07182327,0
-0.4426335190425645,1.4508955757739046,0.7093880757492524,0.0,0.0,1.0,1.0,1.0,0.0,0.0,0,0.07164085,0
-0.4426335190425645,0.5145630633485628,1.7008525441998705,0.0,0.0,1.0,0.0,0.0,1.0,0.0,0,0.3095273,0
-0.4426335190425645,0.6774035002921005,1.4695108348947263,1.0,1.0,1.0,0.0,1.0,0.0,0.0,0,0.28525728,0
-0.4426335190425645,-0.6660301044920857,0.34585110398402574,1.0,0.0,1.0,0.0,1.0,0.0,0.0,0,0.41225076,0
2.2592053176701206,-0.9102907599073923,1.006827416284438,1.0,0.0,1.0,0.0,0.0,0.0,0.0,1,0.68572116,1
-0.4426335190425645,0.7995338279997538,0.8085345225943142,1.0,0.0,1.0,1.0,0.0,1.0,0.0,0,0.18844138,0
-0.4426335190425645,-1.2359716337944677,0.9737786006694172,1.0,0.0,1.0,0.0,1.0,0.0,0.0,1,0.6855696,1
-0.4426335190425645,-0.4217694490767791,0.37889991959904634,0.0,1.0,1.0,1.0,1.0,1.0,0.0,0,0.20147963,0
-0.4426335190425645,-1.0324210876150455,-1.1413455986919014,0.0,1.0,0.0,0.0,0.0,1.0,0.0,0,0.3663678,0
-0.4426335190425645,-0.788160432199739,-0.4473204707764688,1.0,0.0,1.0,1.0,0.0,1.0,0.0,0,0.29724744,0
-0.4426335190425645,-1.276681743030352,-1.4718337548421077,0.0,0.0,1.0,0.0,0.0,0.0,1.0,0,0.21086779,0
-0.4426335190425645,0.5145630633485628,0.37889991959904634,1.0,0.0,1.0,1.0,1.0,0.0,0.0,0,0.15889378,0
2.2592053176701206,0.9216641557074071,-0.6456133644665925,1.0,0.0,0.0,0.0,1.0,0.0,0.0,0,0.119629204,0
-0.4426335190425645,-1.1952615245585831,0.5110951820591287,0.0,0.0,1.0,0.0,0.0,1.0,0.0,1,0.7097696,1
-0.4426335190425645,-0.4217694490767791,0.6763392601342318,1.0,0.0,1.0,1.0,0.0,0.0,0.0,1,0.381359,0
-0.4426335190425645,-1.2359716337944677,0.18060702590892272,0.0,0.0,1.0,1.0,1.0,0.0,0.0,0,0.6180203,1
-0.4426335190425645,-0.3810593398408947,0.6432904445192112,0.0,1.0,1.0,1.0,1.0,0.0,0.0,1,0.37589094,0
-0.4426335190425645,1.6137360127174423,-1.3065896767670044,1.0,0.0,1.0,0.0,0.0,1.0,0.0,0,0.01083553,0
2.2592053176701206,1.1659248111227136,0.57719281328917,1.0,0.0,1.0,0.0,0.0,1.0,0.0,0,0.15074678,0
-0.4426335190425645,0.18888218946148735,-1.4718337548421077,0.0,0.0,1.0,0.0,0.0,0.0,0.0,0,0.034787677,0
-0.4426335190425645,0.7588237187638693,0.8415833382093348,0.0,1.0,1.0,0.0,1.0,0.0,1.0,0,0.05885434,0
-0.4426335190425645,-1.1138413060868144,-1.339638492382025,1.0,0.0,0.0,0.0,1.0,0.0,0.0,0,0.4237519,0
-0.4426335190425645,1.573025903481558,1.66780372858485,0.0,1.0,1.0,0.0,1.0,0.0,0.0,0,0.09207063,0
2.2592053176701206,0.06675186175383406,0.14755821029390212,1.0,0.0,1.0,0.0,0.0,0.0,1.0,0,0.37839642,0
2.2592053176701206,1.573025903481558,0.742436891364273,1.0,1.0,1.0,0.0,1.0,0.0,0.0,0,0.09312789,0
2.2592053176701206,-1.276681743030352,0.31280228836900514,1.0,0.0,1.0,1.0,1.0,0.0,0.0,1,0.6885725,1
-0.4426335190425645,-1.2359716337944677,-1.4718337548421077,0.0,0.0,1.0,1.0,0.0,0.0,0.0,0,0.21907173,0
-0.4426335190425645,-1.1545514153226988,-0.24902757708634515,0.0,1.0,0.0,1.0,1.0,0.0,0.0,0,0.55883944,1
-0.4426335190425645,-1.1952615245585831,-1.3065896767670044,1.0,0.0,0.0,0.0,0.0,0.0,0.0,0,0.5093067,1
-0.4426335190425645,0.8402439372356382,1.3703643880496645,0.0,0.0,1.0,0.0,0.0,0.0,0.0,1,0.29446304,0
-0.4426335190425645,-1.1952615245585831,0.8415833382093348,1.0,0.0,1.0,0.0,0.0,0.0,1.0,0,0.68350166,1
-0.4426335190425645,1.3694753573021359,-0.11683231462626273,0.0,0.0,0.0,0.0,0.0,1.0,0.0,0,0.03296758,0
-0.4426335190425645,-0.6660301044920857,-1.4718337548421077,1.0,0.0,1.0,1.0,1.0,0.0,0.0,1,0.06850864,0
-0.4426335190425645,1.1252147018868293,-0.34817402393140695,0.0,0.0,0.0,0.0,1.0,0.0,1.0,0,0.016128233,0
-0.4426335190425645,0.7588237187638693,0.9737786006694172,0.0,1.0,1.0,0.0,0.0,0.0,0.0,0,0.16445555,0
-0.4426335190425645,-0.503189667548548,0.14755821029390212,0.0,0.0,1.0,1.0,1.0,0.0,0.0,0,0.26167905,0
-0.4426335190425645,1.4508955757739046,-0.34817402393140695,0.0,0.0,1.0,0.0,0.0,0.0,0.0,0,0.022626335,0
-0.4426335190425645,-0.788160432199739,-1.339638492382025,1.0,1.0,1.0,1.0,1.0,1.0,0.0,0,0.08324708,0
-0.4426335190425645,-0.2589290121332414,0.907680969439376,1.0,0.0,1.0,0.0,0.0,0.0,1.0,0,0.37444362,0
-0.4426335190425645,0.9623742649432915,-0.34817402393140695,1.0,0.0,0.0,0.0,0.0,0.0,1.0,0,0.051102746,0
-0.4426335190425645,-0.2996391213691258,0.21365584152394335,0.0,0.0,1.0,1.0,1.0,0.0,1.0,0,0.18942639,0
-0.4426335190425645,-1.276681743030352,-0.28207639270136575,1.0,0.0,1.0,0.0,0.0,0.0,0.0,0,0.52472997,1
-0.4426335190425645,1.573025903481558,-1.2735408611519838,0.0,0.0,1.0,1.0,1.0,0.0,0.0,0,0.0084728515,0
-0.4426335190425645,-0.2589290121332414,0.57719281328917,0.0,0.0,1.0,0.0,1.0,0.0,0.0,0,0.3534469,0
-0.4426335190425645,-1.0324210876150455,-1.4718337548421077,0.0,1.0,1.0,1.0,1.0,1.0,0.0,0,0.09934572,0
-0.4426335190425645,-0.2996391213691258,0.4780463664441082,1.0,0.0,1.0,0.0,0.0,0.0,0.0,0,0.35877094,0
-0.4426335190425645,1.3694753573021359,1.172071494359541,1.0,0.0,1.0,1.0,0.0,1.0,0.0,1,0.15575932,0
-0.4426335190425645,0.10746197098971849,0.18060702590892272,0.0,0.0,1.0,1.0,1.0,0.0,1.0,1,0.12135966,0
-0.4426335190425645,0.18888218946148735,-1.2735408611519838,0.0,1.0,1.0,0.0,0.0,0.0,1.0,0,0.010099394,0
-0.4426335190425645,0.02604175251794963,0.5110951820591287,1.0,0.0,1.0,0.0,0.0,0.0,0.0,0,0.3083198,0
-0.4426335190425645,-0.5846098860203168,0.8415833382093348,0.0,0.0,1.0,0.0,0.0,0.0,0.0,1,0.5796907,1
2.2592053176701206,1.573025903481558,0.6102416289041906,0.0,0.0,1.0,0.0,0.0,0.0,0.0,0,0.07785059,0
-0.4426335190425645,0.39243273564090947,-1.4718337548421077,0.0,1.0,1.0,1.0,0.0,1.0,0.0,0,0.022693371,0
-0.4426335190425645,-0.788160432199739,-1.4718337548421077,1.0,0.0,1.0,0.0,0.0,0.0,1.0,0,0.070390664,0
2.2592053176701206,-0.21821890289735696,-1.1082967830768808,1.0,0.0,0.0,0.0,0.0,1.0,0.0,1,0.39144018,0
-0.4426335190425645,-1.2359716337944677,0.18060702590892272,0.0,0.0,1.0,1.0,0.0,0.0,1.0,0,0.6358107,1
-0.4426335190425645,-1.1138413060868144,0.37889991959904634,0.0,0.0,1.0,1.0,1.0,0.0,1.0,0,0.56381,1
-0.4426335190425645,0.06675186175383406,0.5110951820591287,0.0,0.0,1.0,1.0,0.0,0.0,0.0,0,0.23042701,0
-0.4426335190425645,1.1659248111227136,-1.4718337548421077,1.0,1.0,1.0,0.0,0.0,0.0,0.0,0,0.007617381,0
-0.4426335190425645,-1.2359716337944677,0.18060702590892272,0.0,1.0,1.0,1.0,0.0,0.0,0.0,1,0.6431645,1
-0.4426335190425645,-0.5438997767844324,-1.3065896767670044,0.0,1.0,1.0,0.0,1.0,0.0,1.0,0,0.02609241,0
2.2592053176701206,-0.9510008691432766,-1.4718337548421077,1.0,0.0,1.0,1.0,1.0,0.0,0.0,0,0.33648062,0
-0.4426335190425645,1.4101854665380202,-0.9430527050017778,0.0,1.0,0.0,1.0,1.0,0.0,1.0,0,0.006789906,0
-0.4426335190425645,-1.276681743030352,-0.4803692863914894,0.0,0.0,1.0,0.0,0.0,1.0,0.0,0,0.5300162,1
2.2592053176701206,-0.5846098860203168,1.172071494359541,0.0,0.0,1.0,1.0,0.0,1.0,0.0,1,0.57449204,1
2.2592053176701206,1.003084374179176,-0.34817402393140695,1.0,0.0,1.0,0.0,1.0,0.0,0.0,0,0.109137714,0
2.2592053176701206,-1.276681743030352,-0.6125645488515719,1.0,0.0,1.0,0.0,0.0,0.0,1.0,0,0.571733,1
-0.4426335190425645,-1.1138413060868144,-0.28207639270136575,1.0,0.0,1.0,1.0,1.0,1.0,0.0,0,0.4951001,0
-0.4426335190425645,0.7588237187638693,-0.4803692863914894,0.0,0.0,0.0,0.0,0.0,0.0,1.0,0,0.024345282,0
-0.4426335190425645,-1.276681743030352,0.34585110398402574,1.0,0.0,1.0,1.0,0.0,0.0,1.0,1,0.6518879,1
-0.4426335190425645,0.5959832818203317,1.2712179412046027,1.0,0.0,1.0,0.0,0.0,0.0,0.0,0,0.31958395,0
2.2592053176701206,-1.276681743030352,0.31280228836900514,1.0,0.0,1.0,0.0,0.0,1.0,0.0,1,0.69832563,1
-0.4426335190425645,-0.7474503229638545,0.5110951820591287,0.0,0.0,1.0,1.0,0.0,0.0,1.0,1,0.45964465,0
-0.4426335190425645,1.4916056850097892,1.337315572434644,1.0,0.0,1.0,1.0,1.0,0.0,0.0,1,0.15326144,0
-0.4426335190425645,1.6137360127174423,1.3042667568196233,1.0,1.0,1.0,1.0,1.0,0.0,0.0,0,0.09692349,0
2.2592053176701206,-1.276681743030352,-0.8108574425416955,1.0,0.0,0.0,1.0,1.0,0.0,0.0,1,0.68099,1
-0.4426335190425645,1.573025903481558,0.27975347275398454,1.0,1.0,1.0,1.0,1.0,0.0,0.0,0,0.035459213,0
2.2592053176701206,-1.276681743030352,0.18060702590892272,0.0,0.0,1.0,1.0,1.0,0.0,0.0,1,0.6847391,1
-0.4426335190425645,0.5552731725844472,-1.4718337548421077,0.0,1.0,1.0,0.0,0.0,0.0,0.0,0,0.011682694,0
-0.4426335190425645,1.4508955757739046,1.502559650509747,1.0,0.0,1.0,1.0,0.0,0.0,1.0,1,0.19652309,0
2.2592053176701206,1.288055138830367,1.2381691255895821,1.0,0.0,1.0,1.0,1.0,0.0,0.0,0,0.34755757,0
-0.4426335190425645,-0.7067402137279701,-0.4473204707764688,1.0,0.0,0.0,0.0,0.0,0.0,0.0,0,0.4646742,0
-0.4426335190425645,1.4101854665380202,1.3703643880496645,0.0,1.0,1.0,0.0,0.0,0.0,0.0,0,0.08242179,0
-0.4426335190425645,1.2473450295944826,0.37889991959904634,0.0,1.0,1.0,1.0,1.0,0.0,1.0,0,0.03046551,0
-0.4426335190425645,-1.276681743030352,-0.678662180081613,1.0,0.0,1.0,0.0,0.0,1.0,0.0,0,0.5054403,1
-0.4426335190425645,-1.2359716337944677,0.5110951820591287,0.0,0.0,1.0,1.0,1.0,0.0,0.0,0,0.6779041,1
2.2592053176701206,1.4101854665380202,0.907680969439376,0.0,0.0,1.0,0.0,0.0,0.0,0.0,0,0.1338005,0
2.2592053176701206,-1.1138413060868144,0.6102416289041906,0.0,0.0,1.0,0.0,0.0,0.0,0.0,1,0.71707606,1
-0.4426335190425645,0.7995338279997538,1.5356084661247675,0.0,0.0,1.0,0.0,0.0,1.0,0.0,1,0.23758098,0
2.2592053176701206,0.636693391056216,-1.1413455986919014,0.0,1.0,0.0,0.0,0.0,0.0,1.0,0,0.012286403,0
-0.4426335190425645,0.6774035002921005,0.742436891364273,0.0,1.0,1.0,0.0,0.0,0.0,0.0,0,0.14578046,0
-0.4426335190425645,0.06675186175383406,0.015362947833819699,0.0,0.0,1.0,1.0,1.0,0.0,0.0,0,0.13266958,0
-0.4426335190425645,1.4508955757739046,0.21365584152394335,1.0,0.0,1.0,0.0,0.0,0.0,0.0,0,0.0683937,0
-0.4426335190425645,1.4508955757739046,0.37889991959904634,1.0,1.0,1.0,0.0,1.0,0.0,0.0,1,0.03470528,0
-0.4426335190425645,1.206634920358598,1.66780372858485,0.0,0.0,1.0,0.0,0.0,0.0,0.0,0,0.2494009,0
-0.4426335190425645,-0.09608857518970366,-1.4718337548421077,0.0,1.0,1.0,0.0,0.0,0.0,1.0,0,0.012170618,0
-0.4426335190425645,0.43314284487679394,-0.31512520831638635,0.0,0.0,1.0,0.0,1.0,0.0,0.0,0,0.06111125,0
-0.4426335190425645,-0.9510008691432766,-1.4718337548421077,0.0,0.0,1.0,1.0,1.0,0.0,0.0,0,0.09186045,0
-0.4426335190425645,-0.3810593398408947,0.8415833382093348,0.0,0.0,1.0,0.0,0.0,0.0,0.0,1,0.49600288,0
-0.4426335190425645,-0.21821890289735696,0.24670465713896395,1.0,1.0,1.0,1.0,1.0,0.0,1.0,0,0.16906732,0
2.2592053176701206,-0.1367986844255881,-0.18292994585630393,0.0,0.0,1.0,1.0,1.0,0.0,1.0,0,0.21842308,0
-0.4426335190425645,0.22959229869737177,-1.4718337548421077,1.0,1.0,1.0,1.0,1.0,0.0,0.0,0,0.024065135,0
-0.4426335190425645,-1.276681743030352,-0.6456133644665925,0.0,0.0,1.0,1.0,0.0,0.0,0.0,1,0.42468157,0
-0.4426335190425645,1.0437944834150603,1.4695108348947263,0.0,0.0,1.0,0.0,0.0,0.0,0.0,0,0.25605038,0
-0.4426335190425645,0.7588237187638693,0.742436891364273,1.0,0.0,1.0,0.0,1.0,0.0,0.0,0,0.18441069,0
-0.4426335190425645,1.1659248111227136,-1.438784939227087,1.0,0.0,1.0,1.0,1.0,0.0,1.0,0,0.008118989,0
-0.4426335190425645,-1.0324210876150455,0.7093880757492524,0.0,0.0,1.0,1.0,1.0,0.0,0.0,1,0.64859426,1
2.2592053176701206,-0.2589290121332414,-0.11683231462626273,0.0,0.0,1.0,1.0,0.0,0.0,0.0,0,0.3914821,0
-0.4426335190425645,0.10746197098971849,0.8085345225943142,1.0,0.0,1.0,0.0,0.0,0.0,1.0,0,0.332841,0
-0.4426335190425645,1.6137360127174423,0.7093880757492524,0.0,1.0,1.0,0.0,0.0,0.0,1.0,0,0.009774378,0
-0.4426335190425645,-0.9102907599073923,-1.4718337548421077,1.0,0.0,1.0,0.0,0.0,0.0,0.0,0,0.110568635,0
-0.4426335190425645,0.39243273564090947,-1.4718337548421077,1.0,0.0,1.0,0.0,0.0,0.0,1.0,0,0.018095076,0
-0.4426335190425645,-1.276681743030352,-1.3065896767670044,0.0,0.0,0.0,0.0,0.0,0.0,0.0,1,0.5095471,1
-0.4426335190425645,0.2703024079332562,-1.438784939227087,0.0,0.0,1.0,0.0,1.0,0.0,0.0,0,0.022467598,0
-0.4426335190425645,-1.276681743030352,0.5110951820591287,1.0,0.0,1.0,0.0,0.0,0.0,1.0,1,0.6606405,1
-0.4426335190425645,-1.2359716337944677,0.31280228836900514,0.0,1.0,1.0,1.0,1.0,0.0,0.0,1,0.5915231,1
-0.4426335190425645,1.6137360127174423,-1.438784939227087,1.0,1.0,1.0,0.0,0.0,0.0,1.0,0,0.0016698302,0
2.2592053176701206,-0.9917109783791611,0.37889991959904634,0.0,0.0,1.0,0.0,0.0,1.0,0.0,1,0.62980056,1
2.2592053176701206,-0.8695806506715078,0.4449975508290876,0.0,1.0,1.0,1.0,1.0,0.0,0.0,0,0.5210942,1
-0.4426335190425645,0.5145630633485628,0.57719281328917,0.0,0.0,1.0,1.0,1.0,1.0,0.0,0,0.11580377,0
-0.4426335190425645,0.18888218946148735,0.8085345225943142,0.0,1.0,1.0,0.0,0.0,0.0,0.0,0,0.29960603,0
-0.4426335190425645,-1.1138413060868144,-1.438784939227087,1.0,1.0,1.0,1.0,1.0,0.0,0.0,0,0.12178226,0
-0.4426335190425645,-0.9102907599073923,0.18060702590892272,1.0,0.0,1.0,0.0,0.0,0.0,1.0,0,0.42695794,0
-0.4426335190425645,1.3287652480662513,1.337315572434644,1.0,0.0,1.0,1.0,0.0,0.0,0.0,0,0.20090847,0
2.2592053176701206,1.573025903481558,1.3703643880496645,0.0,0.0,1.0,1.0,1.0,0.0,0.0,0,0.21129908,0
-0.4426335190425645,-0.4624795583126635,-1.4718337548421077,1.0,0.0,1.0,0.0,1.0,0.0,0.0,0,0.052405287,0
-0.4426335190425645,1.0437944834150603,0.11450939467888152,0.0,0.0,1.0,0.0,1.0,0.0,0.0,0,0.051041257,0
-0.4426335190425645,-1.07313119685093,0.6432904445192112,1.0,1.0,1.0,1.0,1.0,0.0,0.0,1,0.5154085,1
-0.4426335190425645,1.6137360127174423,1.3703643880496645,1.0,0.0,1.0,0.0,0.0,0.0,0.0,0,0.17130636,0
-0.4426335190425645,0.39243273564090947,-0.017685867781200907,1.0,1.0,1.0,0.0,0.0,0.0,0.0,0,0.10336281,0
-0.4426335190425645,0.43314284487679394,-1.2735408611519838,0.0,0.0,1.0,0.0,1.0,0.0,0.0,0,0.022525942,0
-0.4426335190425645,0.43314284487679394,1.3042667568196233,1.0,1.0,1.0,0.0,0.0,1.0,0.0,0,0.2635842,0
-0.4426335190425645,-1.276681743030352,-0.31512520831638635,1.0,0.0,1.0,0.0,0.0,0.0,1.0,0,0.4860058,0
2.2592053176701206,-0.4217694490767791,0.18060702590892272,0.0,0.0,1.0,1.0,1.0,1.0,0.0,0,0.40492943,0
-0.4426335190425645,-0.4217694490767791,0.18060702590892272,0.0,1.0,1.0,0.0,0.0,0.0,0.0,1,0.29138705,0
-0.4426335190425645,-0.2996391213691258,1.0398762318994585,1.0,0.0,1.0,0.0,0.0,0.0,0.0,0,0.39360282,0
-0.4426335190425645,-1.276681743030352,0.8746321538243554,1.0,1.0,1.0,0.0,1.0,0.0,0.0,1,0.6276925,1
-0.4426335190425645,1.084504592650945,1.5356084661247675,1.0,0.0,1.0,1.0,0.0,0.0,1.0,0,0.2525292,0
-0.4426335190425645,-0.788160432199739,0.6432904445192112,0.0,0.0,1.0,1.0,1.0,1.0,0.0,1,0.44301185,0
-0.4426335190425645,-1.276681743030352,-0.4803692863914894,1.0,1.0,1.0,0.0,0.0,0.0,0.0,1,0.40138572,0
-0.4426335190425645,-1.1545514153226988,0.6432904445192112,0.0,1.0,1.0,1.0,0.0,0.0,1.0,1,0.65750194,1
-0.4426335190425645,-1.276681743030352,0.34585110398402574,0.0,0.0,1.0,0.0,1.0,0.0,0.0,1,0.6858142,1
2.2592053176701206,0.1481720802256029,-0.34817402393140695,1.0,0.0,1.0,0.0,1.0,0.0,0.0,0,0.3105201,0
-0.4426335190425645,1.6137360127174423,0.24670465713896395,1.0,1.0,1.0,0.0,0.0,0.0,0.0,0,0.029746948,0
-0.4426335190425645,-0.4217694490767791,-1.4718337548421077,1.0,1.0,1.0,1.0,1.0,0.0,1.0,0,0.027749607,0
-0.4426335190425645,1.084504592650945,1.172071494359541,1.0,0.0,1.0,0.0,0.0,0.0,0.0,1,0.23152034,0
-0.4426335190425645,0.9216641557074071,1.0729250475144791,1.0,0.0,1.0,1.0,1.0,0.0,0.0,1,0.19678587,0
2.2592053176701206,-1.0324210876150455,0.18060702590892272,1.0,0.0,1.0,0.0,0.0,0.0,1.0,1,0.6213889,1
-0.4426335190425645,1.2473450295944826,1.4695108348947263,0.0,0.0,1.0,0.0,0.0,0.0,1.0,0,0.106743105,0
2.2592053176701206,1.5323157942456735,0.8746321538243554,0.0,0.0,1.0,1.0,1.0,0.0,0.0,0,0.16694637,0
2.2592053176701206,1.4101854665380202,1.7008525441998705,1.0,0.0,1.0,0.0,0.0,0.0,0.0,0,0.30256906,0
-0.4426335190425645,-1.1952615245585831,-0.28207639270136575,1.0,1.0,1.0,0.0,0.0,0.0,0.0,1,0.4056583,0
2.2592053176701206,1.206634920358598,1.1059738631294997,0.0,0.0,1.0,0.0,1.0,0.0,0.0,0,0.20615622,0
-0.4426335190425645,-0.8695806506715078,-1.4718337548421077,0.0,0.0,1.0,0.0,0.0,0.0,1.0,0,0.076193124,0
-0.4426335190425645,-0.3810593398408947,-0.34817402393140695,1.0,1.0,1.0,0.0,1.0,1.0,0.0,0,0.10039621,0
-0.4426335190425645,1.6137360127174423,0.9407297850543966,0.0,1.0,1.0,1.0,1.0,0.0,0.0,0,0.06223419,0
-0.4426335190425645,-0.1367986844255881,0.14755821029390212,1.0,1.0,1.0,1.0,1.0,0.0,0.0,0,0.19182552,0
-0.4426335190425645,1.3694753573021359,0.31280228836900514,0.0,1.0,1.0,1.0,0.0,1.0,0.0,0,0.050806146,0
-0.4426335190425645,-0.8695806506715078,0.18060702590892272,0.0,0.0,1.0,0.0,1.0,0.0,0.0,0,0.49725637,0
-0.4426335190425645,0.718113609527985,0.5110951820591287,0.0,0.0,1.0,0.0,0.0,1.0,0.0,0,0.12226321,0
2.2592053176701206,-0.0146683567179348,0.4780463664441082,0.0,0.0,1.0,0.0,0.0,0.0,0.0,0,0.4311468,0
-0.4426335190425645,0.5145630633485628,-1.339638492382025,1.0,1.0,1.0,0.0,0.0,1.0,0.0,0,0.022415984,0
-0.4426335190425645,1.4916056850097892,0.6432904445192112,0.0,1.0,1.0,0.0,0.0,0.0,0.0,0,0.03207254,0
2.2592053176701206,-0.1775087936614725,1.2712179412046027,0.0,0.0,1.0,1.0,1.0,0.0,1.0,1,0.5304269,1
-0.4426335190425645,-1.276681743030352,-1.4718337548421077,0.0,1.0,1.0,1.0,0.0,0.0,0.0,0,0.21286285,0
-0.4426335190425645,1.573025903481558,0.37889991959904634,0.0,1.0,1.0,1.0,1.0,0.0,0.0,0,0.03535931,0
2.2592053176701206,-1.276681743030352,0.24670465713896395,0.0,0.0,1.0,1.0,1.0,0.0,0.0,0,0.69195163,1
2.2592053176701206,0.47385295411267836,-1.5048825704571283,1.0,0.0,1.0,0.0,1.0,1.0,0.0,0,0.06347154,0
-0.4426335190425645,1.573025903481558,1.337315572434644,0.0,0.0,1.0,1.0,0.0,1.0,0.0,0,0.10223899,0
-0.4426335190425645,0.636693391056216,1.4034132036646851,0.0,0.0,1.0,1.0,1.0,0.0,0.0,1,0.27611816,0
-0.4426335190425645,-1.2359716337944677,-1.1413455986919014,0.0,1.0,0.0,1.0,1.0,0.0,0.0,0,0.37404636,0
-0.4426335190425645,1.6137360127174423,1.337315572434644,1.0,1.0,1.0,1.0,1.0,1.0,0.0,0,0.07896056,0
-0.4426335190425645,1.4916056850097892,1.3703643880496645,1.0,0.0,1.0,1.0,1.0,0.0,0.0,1,0.15745102,0
-0.4426335190425645,0.31101251716914063,-0.08378349901124212,1.0,0.0,1.0,0.0,0.0,0.0,0.0,0,0.1391321,0
-0.4426335190425645,-0.8288705414356234,-0.6125645488515719,0.0,0.0,1.0,1.0,0.0,0.0,1.0,0,0.17948203,0
2.2592053176701206,1.6137360127174423,1.66780372858485,1.0,1.0,1.0,0.0,1.0,1.0,0.0,0,0.112581,0
-0.4426335190425645,-0.1367986844255881,0.7754857069792936,0.0,1.0,1.0,1.0,0.0,0.0,1.0,0,0.23770545,0
-0.4426335190425645,-0.5846098860203168,0.34585110398402574,0.0,0.0,1.0,1.0,1.0,0.0,0.0,0,0.3321523,0
-0.4426335190425645,0.636693391056216,-1.4718337548421077,1.0,0.0,1.0,0.0,0.0,0.0,0.0,0,0.023127742,0
-0.4426335190425645,0.7995338279997538,0.5110951820591287,1.0,0.0,1.0,1.0,1.0,0.0,0.0,0,0.13556553,0
-0.4426335190425645,0.5145630633485628,0.6763392601342318,1.0,0.0,1.0,1.0,1.0,1.0,0.0,0,0.16688938,0
-0.4426335190425645,-0.8695806506715078,-0.9761015206167984,1.0,0.0,0.0,0.0,1.0,0.0,0.0,0,0.39946374,0
-0.4426335190425645,-1.276681743030352,-1.3065896767670044,1.0,0.0,1.0,1.0,0.0,0.0,0.0,0,0.32361314,0
-0.4426335190425645,-1.0324210876150455,-0.9761015206167984,0.0,1.0,0.0,0.0,0.0,1.0,0.0,0,0.3962894,0
2.2592053176701206,-1.1952615245585831,0.6432904445192112,0.0,0.0,1.0,1.0,1.0,1.0,0.0,1,0.6939628,1
-0.4426335190425645,-1.1545514153226988,-0.9761015206167984,0.0,0.0,0.0,0.0,1.0,1.0,0.0,0,0.48622948,0
-0.4426335190425645,0.7995338279997538,0.4780463664441082,1.0,1.0,1.0,0.0,1.0,0.0,0.0,0,0.08146949,0
-0.4426335190425645,-1.276681743030352,0.57719281328917,0.0,0.0,1.0,0.0,0.0,1.0,0.0,1,0.7408624,1
-0.4426335190425645,-0.788160432199739,-1.174394414306922,0.0,0.0,0.0,1.0,1.0,0.0,0.0,0,0.21258005,0
-0.4426335190425645,-1.276681743030352,0.18060702590892272,0.0,0.0,1.0,1.0,0.0,0.0,1.0,1,0.65467304,1
-0.4426335190425645,0.5552731725844472,-1.339638492382025,0.0,0.0,1.0,0.0,0.0,1.0,0.0,0,0.025216337,0
-0.4426335190425645,0.5959832818203317,0.8415833382093348,1.0,1.0,1.0,0.0,0.0,0.0,0.0,0,0.21998815,0
-0.4426335190425645,1.573025903481558,0.8746321538243554,0.0,1.0,1.0,1.0,0.0,0.0,1.0,0,0.031207353,0
-0.4426335190425645,1.4508955757739046,-1.4718337548421077,0.0,0.0,1.0,1.0,0.0,0.0,1.0,0,0.0057209358,0
-0.4426335190425645,-1.0324210876150455,-0.017685867781200907,1.0,0.0,1.0,0.0,1.0,0.0,0.0,0,0.45127168,0
2.2592053176701206,1.4101854665380202,-1.3065896767670044,1.0,0.0,1.0,0.0,0.0,1.0,0.0,0,0.030536622,0
2.2592053176701206,0.8809540464715226,0.24670465713896395,0.0,0.0,1.0,0.0,1.0,0.0,0.0,0,0.17006077,0
-0.4426335190425645,1.4508955757739046,1.4364620192797057,1.0,0.0,1.0,0.0,0.0,1.0,0.0,0,0.16787674,0
-0.4426335190425645,0.9216641557074071,1.3042667568196233,1.0,0.0,1.0,1.0,1.0,1.0,0.0,1,0.19612397,0
-0.4426335190425645,0.5145630633485628,0.31280228836900514,0.0,0.0,1.0,1.0,1.0,0.0,0.0,0,0.111806296,0
-0.4426335190425645,-0.3403492306050102,-0.4473204707764688,1.0,0.0,1.0,1.0,0.0,0.0,0.0,0,0.17293754,0
-0.4426335190425645,-0.055378465953819234,0.4780463664441082,0.0,0.0,1.0,0.0,1.0,0.0,0.0,0,0.26531357,0
-0.4426335190425645,0.47385295411267836,1.5686572817397881,1.0,0.0,1.0,0.0,0.0,0.0,1.0,0,0.34807575,0
-0.4426335190425645,0.7995338279997538,0.6763392601342318,1.0,1.0,1.0,0.0,0.0,0.0,0.0,0,0.15099232,0
-0.4426335190425645,0.5145630633485628,0.5441439976741493,1.0,0.0,1.0,1.0,1.0,1.0,0.0,0,0.15002663,0
-0.4426335190425645,-0.3810593398408947,-1.339638492382025,1.0,1.0,1.0,1.0,1.0,0.0,1.0,0,0.030735947,0
-0.4426335190425645,-1.1138413060868144,-0.34817402393140695,0.0,0.0,1.0,0.0,0.0,0.0,1.0,1,0.44675228,0
-0.4426335190425645,-1.1545514153226988,0.7093880757492524,0.0,0.0,1.0,0.0,0.0,0.0,1.0,1,0.74311566,1
-0.4426335190425645,1.573025903481558,0.5110951820591287,1.0,0.0,1.0,0.0,1.0,1.0,0.0,0,0.043093033,0
-0.4426335190425645,-0.5438997767844324,-0.51341810200651,1.0,1.0,1.0,1.0,1.0,1.0,0.0,0,0.12231454,0
-0.4426335190425645,1.573025903481558,1.337315572434644,1.0,0.0,1.0,1.0,0.0,0.0,0.0,0,0.1618341,0
-0.4426335190425645,-1.276681743030352,-0.9761015206167984,0.0,0.0,0.0,0.0,0.0,0.0,0.0,1,0.5793866,1
-0.4426335190425645,0.7588237187638693,0.8415833382093348,1.0,0.0,1.0,0.0,0.0,0.0,1.0,0,0.22989678,0
-0.4426335190425645,-0.4217694490767791,0.9407297850543966,1.0,0.0,1.0,1.0,0.0,0.0,1.0,0,0.40608516,0
-0.4426335190425645,-1.276681743030352,0.31280228836900514,0.0,0.0,1.0,0.0,0.0,1.0,0.0,0,0.71030384,1
-0.4426335190425645,-1.276681743030352,-1.5048825704571283,0.0,0.0,1.0,0.0,0.0,0.0,1.0,0,0.2035931,0
-0.4426335190425645,0.39243273564090947,0.9737786006694172,0.0,1.0,1.0,1.0,1.0,0.0,0.0,1,0.23878372,0
-0.4426335190425645,0.18888218946148735,-0.11683231462626273,1.0,1.0,1.0,0.0,0.0,0.0,0.0,0,0.116675906,0
-0.4426335190425645,0.718113609527985,1.2712179412046027,1.0,1.0,1.0,1.0,0.0,0.0,0.0,0,0.24279845,0
-0.4426335190425645,-1.276681743030352,-0.678662180081613,0.0,0.0,1.0,0.0,1.0,0.0,0.0,0,0.41152897,0
-0.4426335190425645,0.9216641557074071,1.2051203099745615,0.0,1.0,1.0,0.0,0.0,0.0,1.0,0,0.060820125,0
-0.4426335190425645,0.7995338279997538,-1.3065896767670044,1.0,1.0,1.0,1.0,1.0,0.0,0.0,0,0.017002322,0
-0.4426335190425645,-1.1138413060868144,0.4780463664441082,1.0,0.0,1.0,0.0,0.0,0.0,0.0,0,0.6012875,1
-0.4426335190425645,-0.9510008691432766,-1.5048825704571283,0.0,0.0,1.0,1.0,0.0,1.0,0.0,0,0.13262138,0
-0.4426335190425645,1.1252147018868293,-1.438784939227087,1.0,1.0,1.0,1.0,1.0,0.0,0.0,0,0.010768886,0
2.2592053176701206,-1.0324210876150455,0.31280228836900514,1.0,0.0,1.0,1.0,1.0,0.0,0.0,1,0.62094295,1
-0.4426335190425645,1.1659248111227136,1.4364620192797057,1.0,0.0,1.0,1.0,0.0,0.0,1.0,0,0.2303762,0
-0.4426335190425645,-1.276681743030352,-0.4803692863914894,1.0,0.0,1.0,1.0,1.0,0.0,0.0,0,0.52135354,1
-0.4426335190425645,0.31101251716914063,-0.4473204707764688,1.0,0.0,1.0,0.0,1.0,0.0,0.0,0,0.07843016,0
-0.4426335190425645,-1.1545514153226988,-0.51341810200651,1.0,0.0,1.0,1.0,0.0,0.0,1.0,0,0.41119647,0
-0.4426335190425645,-0.8695806506715078,0.18060702590892272,1.0,0.0,1.0,1.0,0.0,0.0,0.0,0,0.47397214,0
-0.4426335190425645,-0.2996391213691258,-1.5048825704571283,0.0,1.0,1.0,1.0,1.0,0.0,0.0,0,0.03987639,0
-0.4426335190425645,-1.2359716337944677,-1.4718337548421077,0.0,0.0,1.0,0.0,0.0,0.0,0.0,0,0.24814405,0
-0.4426335190425645,1.288055138830367,0.31280228836900514,1.0,0.0,1.0,0.0,0.0,0.0,0.0,0,0.08679407,0
-0.4426335190425645,-1.1952615245585831,0.57719281328917,1.0,0.0,1.0,0.0,0.0,0.0,0.0,0,0.64228123,1
-0.4426335190425645,1.3287652480662513,-1.3065896767670044,0.0,1.0,1.0,0.0,0.0,0.0,0.0,0,0.0045695743,0
-0.4426335190425645,-1.07313119685093,-0.28207639270136575,0.0,1.0,1.0,1.0,1.0,0.0,1.0,1,0.23476657,0
-0.4426335190425645,0.35172262640502505,-0.9761015206167984,0.0,0.0,0.0,1.0,0.0,0.0,1.0,0,0.06775855,0
-0.4426335190425645,-1.1138413060868144,0.6763392601342318,0.0,0.0,1.0,0.0,0.0,0.0,0.0,1,0.73415196,1
-0.4426335190425645,-1.1952615245585831,-0.8108574425416955,1.0,0.0,0.0,0.0,1.0,0.0,0.0,1,0.55354,1
-0.4426335190425645,1.5323157942456735,1.2381691255895821,0.0,0.0,1.0,0.0,0.0,0.0,0.0,0,0.10754299,0
2.2592053176701206,0.7995338279997538,1.3042667568196233,1.0,0.0,1.0,0.0,0.0,1.0,0.0,0,0.30656624,0
-0.4426335190425645,1.003084374179176,-0.843906258156716,1.0,0.0,0.0,0.0,1.0,0.0,0.0,1,0.03487099,0
2.2592053176701206,-1.276681743030352,-0.6456133644665925,1.0,0.0,1.0,1.0,1.0,0.0,0.0,0,0.5820155,1
-0.4426335190425645,0.1481720802256029,0.8415833382093348,0.0,0.0,1.0,0.0,0.0,0.0,0.0,0,0.35231715,0
-0.4426335190425645,-0.4217694490767791,0.4780463664441082,1.0,1.0,1.0,0.0,0.0,1.0,0.0,0,0.2750503,0
-0.4426335190425645,-0.9510008691432766,0.5441439976741493,1.0,0.0,1.0,1.0,1.0,0.0,0.0,0,0.5544627,1
-0.4426335190425645,-0.788160432199739,0.4449975508290876,1.0,1.0,1.0,1.0,1.0,0.0,0.0,0,0.35801074,0
-0.4426335190425645,-0.3403492306050102,-1.3065896767670044,0.0,1.0,1.0,0.0,1.0,0.0,0.0,0,0.037523717,0
-0.4426335190425645,-0.9102907599073923,-0.31512520831638635,1.0,0.0,1.0,0.0,0.0,0.0,0.0,0,0.39628345,0
-0.4426335190425645,1.6137360127174423,1.1390226787445203,1.0,0.0,1.0,0.0,0.0,1.0,0.0,0,0.10743561,0
-0.4426335190425645,-1.2359716337944677,0.7093880757492524,0.0,0.0,1.0,0.0,1.0,0.0,1.0,1,0.72479546,1
-0.4426335190425645,0.02604175251794963,0.6102416289041906,0.0,0.0,1.0,0.0,1.0,0.0,0.0,1,0.28352612,0
2.2592053176701206,0.5959832818203317,0.5110951820591287,0.0,0.0,1.0,1.0,0.0,0.0,0.0,1,0.3557824,0
2.2592053176701206,0.9623742649432915,0.411948735214067,0.0,0.0,1.0,0.0,0.0,0.0,0.0,0,0.17983612,0
-0.4426335190425645,0.7995338279997538,-0.017685867781200907,0.0,0.0,1.0,0.0,0.0,1.0,0.0,0,0.07312622,0
-0.4426335190425645,1.3287652480662513,-1.2735408611519838,1.0,0.0,1.0,0.0,0.0,0.0,1.0,0,0.0067195278,0
-0.4426335190425645,-1.07313119685093,-0.51341810200651,1.0,1.0,1.0,1.0,1.0,1.0,0.0,0,0.27427506,0
-0.4426335190425645,1.4101854665380202,0.0484117634488403,0.0,0.0,1.0,0.0,0.0,0.0,0.0,0,0.036337357,0
-0.4426335190425645,1.6137360127174423,1.006827416284438,1.0,0.0,1.0,1.0,0.0,1.0,0.0,0,0.11867717,0
-0.4426335190425645,-1.276681743030352,-1.4718337548421077,1.0,1.0,1.0,0.0,1.0,0.0,0.0,0,0.12445162,0
-0.4426335190425645,-1.276681743030352,-0.14988113024128333,0.0,0.0,1.0,0.0,0.0,0.0,0.0,1,0.6557428,1
2.2592053176701206,-0.0146683567179348,0.9407297850543966,0.0,0.0,1.0,1.0,0.0,0.0,0.0,1,0.4769448,0
2.2592053176701206,0.2703024079332562,1.172071494359541,0.0,0.0,1.0,0.0,0.0,0.0,0.0,0,0.4725276,0
2.2592053176701206,1.6137360127174423,0.9407297850543966,1.0,0.0,1.0,0.0,1.0,1.0,0.0,0,0.09754816,0
-0.4426335190425645,0.43314284487679394,-1.174394414306922,1.0,1.0,0.0,1.0,1.0,1.0,0.0,0,0.036764685,0
-0.4426335190425645,-1.276681743030352,-0.6456133644665925,1.0,0.0,1.0,0.0,0.0,0.0,0.0,1,0.4773034,0
2.2592053176701206,-1.0324210876150455,0.6763392601342318,1.0,0.0,1.0,0.0,1.0,1.0,0.0,1,0.6244072,1
-0.4426335190425645,-1.2359716337944677,-0.31512520831638635,1.0,0.0,1.0,0.0,0.0,1.0,0.0,1,0.5435492,1
-0.4426335190425645,1.4508955757739046,-1.339638492382025,1.0,1.0,1.0,1.0,1.0,1.0,0.0,0,0.007695724,0
-0.4426335190425645,-1.276681743030352,1.0398762318994585,0.0,0.0,1.0,0.0,1.0,0.0,1.0,1,0.7713424,1
-0.4426335190425645,1.6137360127174423,1.6347549129698293,1.0,1.0,1.0,0.0,0.0,1.0,0.0,0,0.11345801,0
-0.4426335190425645,-1.1138413060868144,0.9737786006694172,1.0,0.0,1.0,0.0,0.0,0.0,0.0,1,0.6607694,1
-0.4426335190425645,-0.5846098860203168,0.015362947833819699,0.0,1.0,1.0,1.0,1.0,0.0,0.0,0,0.25042683,0
2.2592053176701206,-0.6253199952562012,0.9407297850543966,0.0,0.0,1.0,0.0,0.0,0.0,0.0,0,0.60790825,1
-0.4426335190425645,-0.2996391213691258,-1.4718337548421077,0.0,0.0,1.0,0.0,0.0,0.0,0.0,0,0.056112997,0
-0.4426335190425645,0.31101251716914063,-1.4718337548421077,0.0,0.0,1.0,0.0,1.0,0.0,0.0,0,0.020807682,0
-0.4426335190425645,-0.21821890289735696,0.37889991959904634,1.0,1.0,1.0,0.0,0.0,0.0,1.0,0,0.22120903,0
2.2592053176701206,-1.276681743030352,0.14755821029390212,1.0,0.0,1.0,0.0,0.0,0.0,0.0,1,0.7031362,1
-0.4426335190425645,1.2473450295944826,0.742436891364273,1.0,0.0,1.0,0.0,0.0,1.0,0.0,0,0.12050258,0
-0.4426335190425645,-0.9917109783791611,-1.438784939227087,0.0,0.0,1.0,0.0,1.0,0.0,0.0,0,0.10462448,0
-0.4426335190425645,1.573025903481558,-1.4718337548421077,0.0,1.0,1.0,0.0,0.0,0.0,0.0,0,0.0026311034,0
-0.4426335190425645,-1.1952615245585831,-1.1413455986919014,1.0,0.0,0.0,0.0,0.0,0.0,0.0,0,0.52884036,1
-0.4426335190425645,0.10746197098971849,1.0729250475144791,1.0,0.0,1.0,0.0,0.0,0.0,1.0,0,0.35542327,0
-0.4426335190425645,-0.9102907599073923,1.006827416284438,1.0,1.0,1.0,0.0,0.0,0.0,0.0,1,0.5131463,1
2.2592053176701206,0.18888218946148735,0.37889991959904634,0.0,0.0,1.0,1.0,0.0,1.0,0.0,1,0.3743625,0
-0.4426335190425645,-1.1545514153226988,-0.017685867781200907,1.0,0.0,1.0,1.0,1.0,0.0,1.0,0,0.5092587,1
-0.4426335190425645,1.206634920358598,-1.3065896767670044,1.0,1.0,1.0,0.0,0.0,0.0,0.0,0,0.008779673,0
-0.4426335190425645,-0.3810593398408947,-1.4718337548421077,0.0,0.0,1.0,0.0,0.0,1.0,0.0,0,0.06340252,0
-0.4426335190425645,-1.1952615245585831,0.6763392601342318,1.0,0.0,1.0,1.0,1.0,0.0,0.0,1,0.6555041,1
-0.4426335190425645,-0.7067402137279701,-0.28207639270136575,0.0,0.0,1.0,1.0,1.0,0.0,0.0,1,0.21520153,0
-0.4426335190425645,-1.2359716337944677,-1.4718337548421077,0.0,0.0,1.0,1.0,1.0,0.0,1.0,0,0.108096816,0
-0.4426335190425645,-1.1952615245585831,-1.4718337548421077,0.0,0.0,1.0,1.0,1.0,0.0,0.0,0,0.1378344,0
-0.4426335190425645,0.5145630633485628,0.5441439976741493,0.0,1.0,1.0,1.0,0.0,0.0,1.0,0,0.11213202,0
-0.4426335190425645,-1.1138413060868144,1.1390226787445203,0.0,1.0,1.0,0.0,0.0,0.0,1.0,1,0.72881407,1
-0.4426335190425645,-1.276681743030352,-0.9430527050017778,1.0,0.0,0.0,0.0,0.0,1.0,0.0,1,0.59471154,1
2.2592053176701206,-1.2359716337944677,0.5110951820591287,0.0,0.0,1.0,0.0,0.0,0.0,1.0,1,0.74382865,1
-0.4426335190425645,0.8402439372356382,0.6763392601342318,1.0,0.0,1.0,1.0,1.0,1.0,0.0,1,0.12910068,0
-0.4426335190425645,0.18888218946148735,-1.4718337548421077,0.0,0.0,1.0,0.0,1.0,0.0,0.0,0,0.023526372,0
-0.4426335190425645,1.5323157942456735,0.5110951820591287,1.0,1.0,1.0,1.0,0.0,0.0,1.0,0,0.048614383,0
2.2592053176701206,-1.276681743030352,0.18060702590892272,1.0,0.0,1.0,0.0,0.0,0.0,0.0,1,0.7059747,1
-0.4426335190425645,1.5323157942456735,1.502559650509747,0.0,0.0,1.0,0.0,0.0,0.0,0.0,1,0.13339658,0
-0.4426335190425645,-0.4217694490767791,-1.4718337548421077,1.0,0.0,1.0,1.0,0.0,0.0,0.0,0,0.061005384,0
-0.4426335190425645,0.5552731725844472,-1.1413455986919014,1.0,0.0,0.0,1.0,0.0,0.0,0.0,1,0.06429666,0
-0.4426335190425645,0.7588237187638693,-1.4718337548421077,0.0,0.0,1.0,1.0,0.0,0.0,0.0,0,0.020781469,0
-0.4426335190425645,-0.3810593398408947,0.31280228836900514,0.0,0.0,1.0,0.0,0.0,0.0,0.0,0,0.34263295,0
-0.4426335190425645,1.3287652480662513,1.3042667568196233,0.0,1.0,1.0,0.0,1.0,0.0,0.0,0,0.09412572,0
-0.4426335190425645,1.573025903481558,1.4695108348947263,0.0,0.0,1.0,0.0,0.0,1.0,0.0,0,0.09406688,0
-0.4426335190425645,1.6137360127174423,-1.2735408611519838,1.0,1.0,1.0,0.0,0.0,1.0,0.0,0,0.007117957,0
-0.4426335190425645,-0.9510008691432766,0.18060702590892272,1.0,0.0,1.0,0.0,0.0,1.0,0.0,0,0.49739698,0
-0.4426335190425645,1.5323157942456735,0.8415833382093348,0.0,0.0,1.0,1.0,1.0,0.0,0.0,0,0.075299665,0
-0.4426335190425645,-0.055378465953819234,-0.017685867781200907,0.0,0.0,1.0,0.0,1.0,0.0,0.0,0,0.14353955,0
-0.4426335190425645,0.2703024079332562,-0.7778086269266749,0.0,0.0,0.0,0.0,0.0,1.0,0.0,0,0.09381855,0
-0.4426335190425645,1.084504592650945,0.37889991959904634,0.0,1.0,1.0,1.0,0.0,1.0,0.0,0,0.07535783,0
-0.4426335190425645,-0.503189667548548,0.57719281328917,0.0,0.0,1.0,0.0,0.0,0.0,0.0,1,0.49682966,0
-0.4426335190425645,-0.1367986844255881,0.0484117634488403,0.0,0.0,1.0,0.0,0.0,1.0,0.0,0,0.16271895,0
-0.4426335190425645,-0.503189667548548,-1.4718337548421077,0.0,1.0,1.0,0.0,0.0,1.0,0.0,0,0.054284148,0
-0.4426335190425645,-0.6253199952562012,0.9407297850543966,1.0,1.0,1.0,0.0,0.0,0.0,0.0,1,0.4031404,0
-0.4426335190425645,-1.1138413060868144,-0.017685867781200907,0.0,0.0,1.0,0.0,0.0,0.0,1.0,0,0.5460441,1
-0.4426335190425645,-1.276681743030352,-1.5048825704571283,0.0,0.0,1.0,1.0,1.0,0.0,0.0,0,0.15656061,0
-0.4426335190425645,1.4916056850097892,-1.339638492382025,0.0,0.0,1.0,0.0,1.0,1.0,0.0,0,0.0059943185,0
2.2592053176701206,-0.4217694490767791,-0.8108574425416955,1.0,1.0,0.0,0.0,0.0,0.0,0.0,1,0.34464616,0
-0.4426335190425645,-1.1952615245585831,-0.31512520831638635,1.0,0.0,1.0,0.0,1.0,0.0,0.0,1,0.46823016,0
2.2592053176701206,0.10746197098971849,0.27975347275398454,1.0,0.0,1.0,1.0,1.0,1.0,0.0,0,0.39591357,0
-0.4426335190425645,-0.055378465953819234,1.1390226787445203,1.0,0.0,1.0,0.0,0.0,0.0,1.0,0,0.3698676,0
-0.4426335190425645,1.6137360127174423,0.4780463664441082,1.0,0.0,1.0,0.0,0.0,0.0,0.0,0,0.07582232,0
-0.4426335190425645,-1.276681743030352,-1.339638492382025,1.0,0.0,1.0,0.0,0.0,0.0,0.0,1,0.29462087,0
-0.4426335190425645,1.573025903481558,1.4034132036646851,0.0,0.0,1.0,1.0,0.0,0.0,0.0,0,0.14155525,0
2.2592053176701206,0.7995338279997538,0.27975347275398454,1.0,0.0,1.0,1.0,0.0,0.0,1.0,0,0.29307562,0
-0.4426335190425645,-1.276681743030352,0.57719281328917,1.0,0.0,1.0,0.0,1.0,0.0,0.0,1,0.6510012,1
-0.4426335190425645,-0.09608857518970366,-1.4718337548421077,1.0,0.0,1.0,1.0,0.0,1.0,0.0,0,0.04709895,0
-0.4426335190425645,-1.2359716337944677,0.37889991959904634,1.0,0.0,1.0,0.0,0.0,0.0,0.0,1,0.62719095,1
-0.4426335190425645,1.6137360127174423,-1.4718337548421077,0.0,0.0,1.0,1.0,1.0,0.0,1.0,0,0.004073108,0
2.2592053176701206,1.5323157942456735,1.6017060973548087,0.0,0.0,1.0,0.0,1.0,0.0,0.0,0,0.18358491,0
-0.4426335190425645,-1.276681743030352,0.5110951820591287,1.0,0.0,1.0,1.0,1.0,0.0,0.0,1,0.6567255,1
-0.4426335190425645,-0.6253199952562012,0.015362947833819699,0.0,1.0,1.0,1.0,1.0,0.0,0.0,1,0.2600496,0
-0.4426335190425645,-0.6253199952562012,0.5110951820591287,0.0,0.0,1.0,1.0,1.0,0.0,0.0,0,0.4074309,0
-0.4426335190425645,1.4508955757739046,0.7754857069792936,0.0,1.0,1.0,0.0,1.0,0.0,0.0,0,0.043306436,0
-0.4426335190425645,0.2703024079332562,-0.8108574425416955,0.0,0.0,0.0,0.0,1.0,0.0,0.0,0,0.066793814,0
-0.4426335190425645,-0.2996391213691258,-1.5048825704571283,0.0,0.0,1.0,1.0,1.0,0.0,0.0,0,0.047523916,0
2.2592053176701206,1.003084374179176,1.2051203099745615,0.0,0.0,1.0,0.0,1.0,0.0,1.0,0,0.1890791,0
-0.4426335190425645,-1.276681743030352,0.34585110398402574,1.0,1.0,1.0,1.0,0.0,0.0,1.0,1,0.53628004,1
-0.4426335190425645,0.718113609527985,0.57719281328917,0.0,0.0,1.0,0.0,0.0,0.0,0.0,0,0.15715075,0
2.2592053176701206,1.3694753573021359,1.7008525441998705,1.0,1.0,1.0,0.0,0.0,0.0,0.0,0,0.22369364,0
2.2592053176701206,1.3287652480662513,1.3042667568196233,1.0,0.0,1.0,0.0,0.0,0.0,0.0,0,0.2881144,0
-0.4426335190425645,-0.7067402137279701,-1.2735408611519838,1.0,0.0,1.0,1.0,1.0,0.0,0.0,0,0.08956695,0
-0.4426335190425645,-1.276681743030352,-0.6125645488515719,1.0,0.0,1.0,0.0,0.0,0.0,0.0,1,0.47930092,0
-0.4426335190425645,-0.8695806506715078,-0.678662180081613,0.0,0.0,1.0,1.0,0.0,1.0,0.0,1,0.2325689,0
-0.4426335190425645,-1.276681743030352,0.18060702590892272,1.0,0.0,1.0,1.0,1.0,0.0,1.0,0,0.59218824,1
-0.4426335190425645,-0.055378465953819234,0.5110951820591287,0.0,0.0,1.0,0.0,0.0,0.0,0.0,1,0.3053097,0
2.2592053176701206,-1.276681743030352,0.18060702590892272,0.0,0.0,1.0,1.0,0.0,1.0,0.0,1,0.69284123,1
-0.4426335190425645,0.718113609527985,-0.7117109956966337,1.0,1.0,0.0,0.0,0.0,0.0,0.0,0,0.041253656,0
-0.4426335190425645,-1.2359716337944677,-1.3065896767670044,1.0,0.0,0.0,0.0,0.0,0.0,1.0,0,0.49120682,0
-0.4426335190425645,-0.4217694490767791,-0.51341810200651,0.0,0.0,1.0,1.0,1.0,0.0,0.0,1,0.12403155,0
-0.4426335190425645,-0.0146683567179348,0.6432904445192112,1.0,1.0,1.0,0.0,1.0,0.0,0.0,0,0.2486979,0
2.2592053176701206,-0.9102907599073923,0.4780463664441082,1.0,0.0,1.0,1.0,1.0,1.0,0.0,1,0.594913,1
-0.4426335190425645,-0.5438997767844324,0.6432904445192112,1.0,1.0,1.0,0.0,0.0,0.0,0.0,1,0.36858234,0
-0.4426335190425645,0.5959832818203317,0.31280228836900514,1.0,0.0,1.0,0.0,1.0,0.0,0.0,0,0.13774835,0
-0.4426335190425645,-0.9510008691432766,0.5441439976741493,1.0,0.0,1.0,0.0,1.0,0.0,0.0,1,0.52352047,1
2.2592053176701206,-0.7067402137279701,0.907680969439376,0.0,0.0,1.0,1.0,0.0,0.0,1.0,0,0.65217876,1
2.2592053176701206,-1.1545514153226988,0.8085345225943142,0.0,0.0,1.0,1.0,1.0,1.0,0.0,1,0.69915396,1
2.2592053176701206,0.8809540464715226,0.31280228836900514,1.0,0.0,1.0,1.0,1.0,1.0,0.0,0,0.20049585,0
-0.4426335190425645,1.4101854665380202,0.5441439976741493,1.0,1.0,1.0,1.0,1.0,0.0,0.0,0,0.05411032,0
-0.4426335190425645,-0.21821890289735696,1.006827416284438,0.0,0.0,1.0,0.0,0.0,0.0,1.0,0,0.391,0
-0.4426335190425645,-1.276681743030352,-0.4803692863914894,0.0,0.0,1.0,1.0,0.0,0.0,0.0,0,0.48943835,0
-0.4426335190425645,-1.1138413060868144,-1.4718337548421077,1.0,0.0,1.0,1.0,1.0,1.0,0.0,0,0.15584312,0
-0.4426335190425645,-0.8695806506715078,0.34585110398402574,1.0,0.0,1.0,0.0,0.0,1.0,0.0,1,0.48281008,0
-0.4426335190425645,-1.276681743030352,-0.4473204707764688,1.0,0.0,1.0,1.0,0.0,0.0,1.0,0,0.4861121,0
2.2592053176701206,1.1252147018868293,1.1059738631294997,1.0,0.0,1.0,1.0,1.0,0.0,0.0,0,0.36543515,0
-0.4426335190425645,1.5323157942456735,0.5441439976741493,0.0,1.0,1.0,1.0,1.0,0.0,0.0,0,0.044541683,0
-0.4426335190425645,-1.276681743030352,-1.4718337548421077,1.0,1.0,1.0,1.0,1.0,0.0,0.0,0,0.15420866,0
-0.4426335190425645,1.6137360127174423,0.6763392601342318,1.0,0.0,1.0,1.0,1.0,0.0,0.0,0,0.06818191,0
2.2592053176701206,0.2703024079332562,0.8746321538243554,1.0,0.0,1.0,1.0,1.0,0.0,0.0,0,0.4733727,0
-0.4426335190425645,-0.4624795583126635,0.6432904445192112,1.0,0.0,1.0,0.0,0.0,0.0,0.0,0,0.39238906,0
-0.4426335190425645,-1.07313119685093,-1.2735408611519838,1.0,1.0,1.0,0.0,0.0,0.0,0.0,0,0.15660648,0
-0.4426335190425645,0.5145630633485628,-0.34817402393140695,0.0,1.0,1.0,1.0,1.0,1.0,0.0,1,0.0433222,0
-0.4426335190425645,-1.2359716337944677,0.8415833382093348,1.0,1.0,1.0,0.0,0.0,0.0,0.0,1,0.6303769,1
2.2592053176701206,1.6137360127174423,0.907680969439376,0.0,1.0,1.0,0.0,1.0,0.0,0.0,1,0.0516779,0
2.2592053176701206,-1.276681743030352,0.6763392601342318,0.0,0.0,1.0,1.0,0.0,0.0,0.0,1,0.7477038,1
-0.4426335190425645,1.4101854665380202,-1.4718337548421077,1.0,0.0,1.0,0.0,1.0,0.0,0.0,0,0.00799745,0
-0.4426335190425645,1.3287652480662513,0.24670465713896395,1.0,1.0,1.0,0.0,0.0,1.0,0.0,1,0.04681601,0
2.2592053176701206,-0.9917109783791611,0.5441439976741493,0.0,0.0,1.0,1.0,0.0,0.0,1.0,1,0.69706213,1
-0.4426335190425645,1.1659248111227136,0.9737786006694172,1.0,0.0,1.0,1.0,0.0,0.0,0.0,1,0.16657795,0
-0.4426335190425645,-0.8288705414356234,-1.5048825704571283,0.0,1.0,1.0,1.0,1.0,1.0,0.0,0,0.066362225,0
-0.4426335190425645,-0.6660301044920857,-0.31512520831638635,1.0,0.0,0.0,1.0,1.0,0.0,0.0,0,0.4702425,0
-0.4426335190425645,1.3287652480662513,0.8415833382093348,0.0,0.0,1.0,1.0,1.0,0.0,1.0,0,0.060253393,0
-0.4426335190425645,1.4101854665380202,1.5356084661247675,1.0,0.0,1.0,0.0,1.0,0.0,0.0,0,0.20902643,0
-0.4426335190425645,-1.276681743030352,-0.28207639270136575,1.0,0.0,1.0,1.0,1.0,1.0,0.0,0,0.564677,1
-0.4426335190425645,-0.2589290121332414,-0.4803692863914894,0.0,0.0,0.0,0.0,1.0,0.0,0.0,0,0.18639217,0
-0.4426335190425645,1.4101854665380202,-0.34817402393140695,1.0,1.0,1.0,1.0,1.0,0.0,0.0,0,0.02439207,0
-0.4426335190425645,-0.8695806506715078,-1.4718337548421077,0.0,0.0,1.0,1.0,0.0,1.0,0.0,0,0.11564219,0
-0.4426335190425645,-1.276681743030352,0.18060702590892272,1.0,1.0,1.0,0.0,0.0,0.0,1.0,0,0.47092003,0
-0.4426335190425645,0.47385295411267836,1.172071494359541,1.0,0.0,1.0,0.0,1.0,1.0,0.0,0,0.2721476,0
-0.4426335190425645,1.573025903481558,0.742436891364273,0.0,1.0,1.0,1.0,1.0,0.0,1.0,0,0.030575985,0
-0.4426335190425645,-0.5846098860203168,-0.21597876147132455,0.0,1.0,1.0,0.0,0.0,0.0,0.0,0,0.24117267,0
-0.4426335190425645,0.718113609527985,0.8415833382093348,0.0,0.0,1.0,0.0,0.0,1.0,0.0,0,0.1572515,0
-0.4426335190425645,-0.8288705414356234,-0.51341810200651,1.0,0.0,1.0,1.0,1.0,0.0,0.0,0,0.2889127,0
-0.4426335190425645,-0.9917109783791611,-0.7117109956966337,1.0,1.0,1.0,1.0,0.0,0.0,1.0,0,0.18410718,0
-0.4426335190425645,1.4508955757739046,-0.017685867781200907,0.0,0.0,0.0,0.0,0.0,0.0,0.0,0,0.029050635,0
-0.4426335190425645,-0.3403492306050102,1.3042667568196233,0.0,0.0,1.0,0.0,0.0,0.0,1.0,0,0.5084139,1
-0.4426335190425645,1.4916056850097892,0.37889991959904634,1.0,1.0,1.0,1.0,0.0,0.0,1.0,0,0.043815598,0
-0.4426335190425645,1.4508955757739046,0.411948735214067,1.0,0.0,1.0,1.0,1.0,0.0,1.0,0,0.048999675,0
-0.4426335190425645,-0.4624795583126635,1.2712179412046027,0.0,1.0,1.0,1.0,0.0,0.0,1.0,1,0.4656069,0
-0.4426335190425645,1.003084374179176,0.34585110398402574,0.0,0.0,1.0,1.0,1.0,1.0,0.0,0,0.06266065,0
-0.4426335190425645,0.7995338279997538,1.0398762318994585,1.0,0.0,1.0,0.0,0.0,0.0,1.0,0,0.26395407,0
2.2592053176701206,-0.5846098860203168,0.6763392601342318,0.0,0.0,1.0,1.0,1.0,0.0,0.0,1,0.53269506,1
2.2592053176701206,-0.5846098860203168,0.4780463664441082,1.0,0.0,1.0,1.0,1.0,1.0,0.0,1,0.498975,0
-0.4426335190425645,-0.8288705414356234,-1.5048825704571283,0.0,1.0,1.0,0.0,1.0,0.0,0.0,1,0.0577381,0
-0.4426335190425645,1.4101854665380202,0.7093880757492524,0.0,0.0,1.0,1.0,0.0,0.0,1.0,0,0.068373404,0
-0.4426335190425645,0.7995338279997538,0.14755821029390212,1.0,1.0,1.0,0.0,1.0,0.0,0.0,0,0.053381637,0
-0.4426335190425645,1.2473450295944826,-0.843906258156716,1.0,1.0,0.0,0.0,0.0,0.0,0.0,0,0.016631369,0
-0.4426335190425645,0.06675186175383406,-1.3065896767670044,0.0,0.0,1.0,1.0,1.0,0.0,0.0,0,0.042236175,0
-0.4426335190425645,0.5552731725844472,-1.5048825704571283,0.0,1.0,1.0,1.0,1.0,0.0,0.0,0,0.015445588,0
-0.4426335190425645,-0.7474503229638545,1.3703643880496645,0.0,0.0,1.0,0.0,0.0,0.0,0.0,1,0.7184392,1
-0.4426335190425645,1.206634920358598,-0.28207639270136575,1.0,1.0,1.0,0.0,0.0,1.0,0.0,0,0.032111418,0
2.2592053176701206,-0.8695806506715078,1.3042667568196233,0.0,0.0,1.0,0.0,0.0,1.0,0.0,1,0.69270366,1
-0.4426335190425645,-0.1775087936614725,-1.2735408611519838,0.0,0.0,1.0,0.0,0.0,0.0,1.0,0,0.0347594,0
-0.4426335190425645,0.39243273564090947,1.4364620192797057,1.0,0.0,1.0,1.0,0.0,0.0,1.0,0,0.33068138,0
-0.4426335190425645,-1.276681743030352,-1.4718337548421077,1.0,0.0,1.0,0.0,1.0,0.0,0.0,0,0.2064686,0
-0.4426335190425645,0.43314284487679394,0.34585110398402574,1.0,0.0,1.0,1.0,1.0,1.0,0.0,0,0.13787179,0
2.2592053176701206,1.2473450295944826,1.4695108348947263,1.0,0.0,1.0,0.0,1.0,1.0,0.0,0,0.2060446,0
2.2592053176701206,0.43314284487679394,1.2712179412046027,1.0,0.0,1.0,1.0,1.0,0.0,0.0,1,0.4910819,0
-0.4426335190425645,-1.0324210876150455,-1.5048825704571283,0.0,0.0,1.0,0.0,1.0,1.0,0.0,0,0.11249565,0
2.2592053176701206,-0.503189667548548,0.8746321538243554,0.0,0.0,1.0,0.0,0.0,0.0,1.0,1,0.60242254,1
-0.4426335190425645,-0.2589290121332414,-1.4718337548421077,1.0,0.0,1.0,0.0,1.0,0.0,0.0,0,0.04090861,0
-0.4426335190425645,0.1481720802256029,1.006827416284438,1.0,0.0,1.0,1.0,0.0,1.0,0.0,0,0.28994864,0
-0.4426335190425645,-1.276681743030352,-0.678662180081613,1.0,0.0,1.0,0.0,0.0,0.0,0.0,0,0.47482225,0
-0.4426335190425645,-1.276681743030352,-0.678662180081613,0.0,0.0,1.0,0.0,0.0,0.0,0.0,0,0.49190482,0
-0.4426335190425645,0.7995338279997538,-1.1413455986919014,1.0,0.0,0.0,0.0,0.0,0.0,1.0,0,0.022197137,0
-0.4426335190425645,-1.07313119685093,-1.4718337548421077,0.0,1.0,1.0,0.0,0.0,0.0,1.0,0,0.078451514,0
-0.4426335190425645,0.718113609527985,0.18060702590892272,0.0,1.0,1.0,0.0,0.0,0.0,0.0,0,0.0729112,0
-0.4426335190425645,1.0437944834150603,0.21365584152394335,0.0,0.0,1.0,0.0,0.0,1.0,0.0,0,0.06615427,0
-0.4426335190425645,-0.21821890289735696,-0.4803692863914894,1.0,0.0,1.0,1.0,1.0,0.0,0.0,0,0.13190138,0
-0.4426335190425645,1.5323157942456735,0.015362947833819699,0.0,1.0,1.0,1.0,0.0,0.0,1.0,0,0.014004698,0
-0.4426335190425645,0.39243273564090947,-1.4718337548421077,0.0,0.0,1.0,0.0,1.0,0.0,0.0,0,0.019114995,0
2.2592053176701206,-0.7067402137279701,-0.31512520831638635,0.0,0.0,1.0,0.0,1.0,0.0,0.0,1,0.42457226,0
-0.4426335190425645,-1.2359716337944677,-1.4718337548421077,0.0,0.0,1.0,1.0,1.0,0.0,0.0,0,0.14954157,0
2.2592053176701206,-1.0324210876150455,0.34585110398402574,1.0,0.0,1.0,1.0,0.0,0.0,1.0,0,0.6437464,1
-0.4426335190425645,0.5959832818203317,0.6763392601342318,0.0,0.0,1.0,0.0,1.0,0.0,0.0,1,0.1597598,0
2.2592053176701206,-0.503189667548548,-0.14988113024128333,0.0,0.0,1.0,0.0,0.0,0.0,1.0,0,0.42009827,0
2.2592053176701206,0.5552731725844472,1.3042667568196233,0.0,0.0,1.0,1.0,1.0,0.0,0.0,0,0.42914426,0
2.2592053176701206,-1.1952615245585831,0.4780463664441082,0.0,0.0,1.0,0.0,0.0,1.0,0.0,1,0.7010323,1
-0.4426335190425645,1.288055138830367,1.172071494359541,0.0,0.0,1.0,0.0,1.0,0.0,1.0,1,0.07886282,0
-0.4426335190425645,0.47385295411267836,-1.4718337548421077,1.0,1.0,1.0,0.0,1.0,0.0,0.0,0,0.014756846,0
-0.4426335190425645,0.9216641557074071,0.27975347275398454,0.0,0.0,1.0,0.0,0.0,0.0,0.0,0,0.09709268,0
-0.4426335190425645,1.573025903481558,0.9737786006694172,0.0,0.0,1.0,1.0,0.0,0.0,1.0,1,0.06852297,0
-0.4426335190425645,-1.2359716337944677,-1.174394414306922,0.0,1.0,0.0,0.0,1.0,0.0,0.0,0,0.3216312,0
-0.4426335190425645,0.5145630633485628,1.4364620192797057,1.0,0.0,1.0,1.0,0.0,0.0,0.0,0,0.32514533,0
-0.4426335190425645,-0.8288705414356234,-1.5048825704571283,0.0,0.0,1.0,0.0,0.0,0.0,0.0,0,0.10681113,0
-0.4426335190425645,0.8809540464715226,-1.4718337548421077,0.0,0.0,1.0,0.0,0.0,0.0,0.0,0,0.014142983,0
-0.4426335190425645,-0.7067402137279701,-1.438784939227087,0.0,1.0,1.0,1.0,1.0,0.0,0.0,0,0.066899456,0
-0.4426335190425645,1.6137360127174423,1.3042667568196233,0.0,1.0,1.0,1.0,1.0,0.0,0.0,0,0.09140179,0
-0.4426335190425645,-0.2996391213691258,-1.4718337548421077,0.0,1.0,1.0,1.0,1.0,0.0,1.0,0,0.023036942,0
-0.4426335190425645,1.4508955757739046,-1.3065896767670044,1.0,0.0,1.0,0.0,0.0,0.0,1.0,0,0.0054185055,0
-0.4426335190425645,0.02604175251794963,0.5441439976741493,1.0,0.0,1.0,0.0,1.0,0.0,1.0,0,0.26402122,0
-0.4426335190425645,0.9216641557074071,0.34585110398402574,0.0,1.0,1.0,0.0,1.0,0.0,0.0,0,0.06004741,0
-0.4426335190425645,-1.276681743030352,0.8085345225943142,1.0,1.0,1.0,1.0,1.0,0.0,0.0,1,0.6172137,1
-0.4426335190425645,-0.9102907599073923,-0.6456133644665925,1.0,0.0,1.0,0.0,0.0,1.0,0.0,1,0.3377932,0
-0.4426335190425645,-0.8695806506715078,-1.438784939227087,0.0,1.0,1.0,0.0,0.0,1.0,0.0,0,0.11309272,0
-0.4426335190425645,-0.2589290121332414,0.8085345225943142,0.0,0.0,1.0,1.0,1.0,0.0,1.0,1,0.27685413,0
-0.4426335190425645,0.39243273564090947,0.27975347275398454,1.0,1.0,1.0,0.0,1.0,1.0,0.0,0,0.08359495,0
-0.4426335190425645,-0.9102907599073923,0.0484117634488403,0.0,1.0,1.0,0.0,1.0,0.0,0.0,0,0.3453003,0
-0.4426335190425645,-0.21821890289735696,1.2051203099745615,1.0,1.0,1.0,1.0,0.0,1.0,0.0,0,0.2923739,0
2.2592053176701206,-0.9917109783791611,-1.174394414306922,1.0,0.0,0.0,0.0,0.0,0.0,0.0,1,0.57227635,1
-0.4426335190425645,-0.4624795583126635,0.7093880757492524,0.0,0.0,1.0,0.0,0.0,1.0,0.0,0,0.4097238,0
-0.4426335190425645,1.4916056850097892,-1.5048825704571283,1.0,0.0,1.0,1.0,1.0,0.0,0.0,0,0.008839254,0
-0.4426335190425645,1.5323157942456735,0.411948735214067,1.0,0.0,1.0,1.0,1.0,0.0,0.0,0,0.05836873,0
2.2592053176701206,-1.07313119685093,0.5110951820591287,1.0,0.0,1.0,1.0,0.0,1.0,0.0,0,0.64957154,1
-0.4426335190425645,-1.276681743030352,0.6432904445192112,0.0,0.0,1.0,0.0,0.0,0.0,0.0,1,0.7660606,1
-0.4426335190425645,-0.5846098860203168,1.0398762318994585,0.0,0.0,1.0,0.0,0.0,0.0,0.0,0,0.61352885,1
-0.4426335190425645,1.2473450295944826,1.0729250475144791,0.0,0.0,1.0,1.0,1.0,1.0,0.0,0,0.09503129,0
-0.4426335190425645,-0.8288705414356234,0.8085345225943142,0.0,0.0,1.0,0.0,0.0,0.0,1.0,1,0.6418747,1
2.2592053176701206,-0.9917109783791611,0.6432904445192112,0.0,0.0,1.0,0.0,0.0,0.0,0.0,1,0.68620884,1
-0.4426335190425645,-0.6660301044920857,0.9407297850543966,0.0,0.0,1.0,0.0,0.0,0.0,0.0,1,0.63500667,1
-0.4426335190425645,0.5552731725844472,-1.5048825704571283,1.0,0.0,1.0,0.0,1.0,0.0,0.0,0,0.017348947,0
-0.4426335190425645,-0.8695806506715078,0.015362947833819699,0.0,0.0,1.0,1.0,1.0,0.0,0.0,0,0.33674777,0
-0.4426335190425645,-0.0146683567179348,0.8746321538243554,1.0,0.0,1.0,1.0,1.0,0.0,0.0,0,0.3412559,0
2.2592053176701206,-0.8288705414356234,0.6432904445192112,1.0,0.0,1.0,0.0,1.0,0.0,0.0,1,0.59347355,1
-0.4426335190425645,1.573025903481558,1.0398762318994585,0.0,0.0,1.0,0.0,0.0,0.0,0.0,0,0.08159759,0
-0.4426335190425645,-1.07313119685093,0.9737786006694172,0.0,1.0,1.0,0.0,0.0,0.0,0.0,0,0.7273469,1
-0.4426335190425645,-0.6253199952562012,-1.438784939227087,0.0,1.0,1.0,0.0,1.0,0.0,0.0,0,0.047524072,0
-0.4426335190425645,-0.9917109783791611,-0.18292994585630393,1.0,0.0,1.0,1.0,1.0,0.0,0.0,0,0.45080528,0
-0.4426335190425645,0.02604175251794963,-0.4473204707764688,0.0,0.0,1.0,1.0,0.0,0.0,1.0,0,0.08288759,0
-0.4426335190425645,0.9623742649432915,1.502559650509747,0.0,0.0,1.0,0.0,0.0,0.0,0.0,0,0.28562158,0
-0.4426335190425645,1.6137360127174423,0.6763392601342318,0.0,0.0,1.0,1.0,1.0,0.0,0.0,0,0.058968436,0
-0.4426335190425645,0.02604175251794963,0.31280228836900514,1.0,1.0,1.0,1.0,1.0,0.0,0.0,1,0.19127357,0
2.2592053176701206,-0.9917109783791611,0.9737786006694172,0.0,0.0,1.0,1.0,0.0,0.0,0.0,1,0.701465,1
-0.4426335190425645,-1.276681743030352,0.8085345225943142,0.0,1.0,1.0,1.0,0.0,0.0,0.0,0,0.7340139,1
-0.4426335190425645,-1.07313119685093,-0.51341810200651,0.0,1.0,1.0,1.0,1.0,0.0,1.0,0,0.18692535,0
-0.4426335190425645,1.0437944834150603,-1.4718337548421077,0.0,1.0,1.0,0.0,0.0,0.0,0.0,0,0.0058331774,0
-0.4426335190425645,-0.6253199952562012,0.18060702590892272,1.0,0.0,1.0,1.0,1.0,1.0,0.0,1,0.3295404,0
-0.4426335190425645,0.31101251716914063,-1.3065896767670044,0.0,1.0,1.0,0.0,0.0,0.0,1.0,0,0.008146013,0
-0.4426335190425645,-0.4624795583126635,-1.4718337548421077,1.0,1.0,1.0,1.0,1.0,0.0,0.0,0,0.051388208,0
-0.4426335190425645,1.5323157942456735,1.3042667568196233,0.0,0.0,1.0,0.0,0.0,0.0,0.0,0,0.113811865,0
-0.4426335190425645,0.8809540464715226,0.742436891364273,1.0,0.0,1.0,0.0,0.0,0.0,1.0,0,0.18560763,0
-0.4426335190425645,1.573025903481558,-0.14988113024128333,0.0,1.0,0.0,0.0,0.0,0.0,1.0,0,0.0040496583,0
2.2592053176701206,1.3287652480662513,1.4034132036646851,0.0,1.0,1.0,1.0,1.0,0.0,0.0,0,0.18940254,0
-0.4426335190425645,0.06675186175383406,-1.4718337548421077,0.0,1.0,1.0,0.0,0.0,0.0,0.0,0,0.022959631,0
-0.4426335190425645,-0.21821890289735696,0.14755821029390212,1.0,0.0,1.0,1.0,0.0,0.0,0.0,0,0.26640204,0
-0.4426335190425645,-0.9102907599073923,-0.31512520831638635,0.0,1.0,1.0,1.0,1.0,1.0,0.0,1,0.21966851,0
-0.4426335190425645,-0.6660301044920857,-0.28207639270136575,1.0,1.0,1.0,1.0,1.0,0.0,0.0,0,0.21803564,0
-0.4426335190425645,-0.3810593398408947,-0.14988113024128333,1.0,0.0,1.0,1.0,1.0,0.0,0.0,0,0.24049151,0
2.2592053176701206,-0.9102907599073923,0.27975347275398454,1.0,0.0,1.0,1.0,1.0,0.0,0.0,1,0.58318615,1
2.2592053176701206,1.4916056850097892,1.337315572434644,0.0,0.0,1.0,0.0,0.0,0.0,0.0,0,0.15490313,0
2.2592053176701206,0.7588237187638693,1.1059738631294997,1.0,0.0,1.0,0.0,0.0,0.0,0.0,1,0.4065214,0
-0.4426335190425645,-1.1545514153226988,0.0484117634488403,1.0,0.0,1.0,1.0,1.0,0.0,1.0,0,0.52023065,1
-0.4426335190425645,-0.7474503229638545,-0.31512520831638635,1.0,0.0,0.0,0.0,1.0,0.0,0.0,0,0.4945401,0
-0.4426335190425645,1.6137360127174423,-1.339638492382025,1.0,1.0,1.0,0.0,0.0,0.0,0.0,0,0.004695947,0
-0.4426335190425645,-1.0324210876150455,0.34585110398402574,0.0,0.0,1.0,1.0,1.0,0.0,0.0,0,0.5811967,1
-0.4426335190425645,0.9623742649432915,-0.14988113024128333,1.0,1.0,1.0,0.0,0.0,1.0,0.0,0,0.046129193,0
-0.4426335190425645,-0.9917109783791611,-0.6456133644665925,1.0,1.0,0.0,1.0,1.0,0.0,0.0,0,0.40142173,0
-0.4426335190425645,-0.09608857518970366,0.9737786006694172,1.0,1.0,1.0,1.0,1.0,0.0,0.0,1,0.2979435,0
-0.4426335190425645,-0.8288705414356234,-1.0421991518468396,0.0,1.0,0.0,1.0,1.0,0.0,0.0,0,0.22704282,0
-0.4426335190425645,1.6137360127174423,-0.7447598113116543,1.0,0.0,0.0,0.0,0.0,1.0,0.0,0,0.024039313,0
-0.4426335190425645,-1.276681743030352,-0.6125645488515719,1.0,0.0,1.0,1.0,1.0,1.0,0.0,0,0.5004047,1
-0.4426335190425645,0.718113609527985,-1.5048825704571283,0.0,0.0,1.0,1.0,0.0,0.0,1.0,0,0.01495243,0
-0.4426335190425645,-1.1952615245585831,-1.4718337548421077,0.0,0.0,1.0,1.0,1.0,1.0,0.0,1,0.14793351,0
-0.4426335190425645,-0.9510008691432766,-1.4718337548421077,1.0,0.0,1.0,0.0,1.0,0.0,0.0,0,0.113510765,0
-0.4426335190425645,-0.8695806506715078,-1.438784939227087,1.0,0.0,1.0,1.0,1.0,1.0,0.0,0,0.09607703,0
-0.4426335190425645,0.5552731725844472,0.21365584152394335,0.0,0.0,1.0,0.0,0.0,0.0,1.0,0,0.07198978,0
-0.4426335190425645,0.5959832818203317,0.742436891364273,1.0,1.0,1.0,0.0,0.0,0.0,1.0,0,0.13419577,0
-0.4426335190425645,1.084504592650945,1.4695108348947263,0.0,0.0,1.0,1.0,0.0,0.0,0.0,0,0.22056939,0
-0.4426335190425645,-1.1952615245585831,0.18060702590892272,0.0,0.0,1.0,0.0,0.0,1.0,0.0,1,0.65455306,1
-0.4426335190425645,-0.9102907599073923,-0.8108574425416955,0.0,1.0,0.0,0.0,0.0,1.0,0.0,0,0.3736021,0
-0.4426335190425645,0.9216641557074071,0.4449975508290876,0.0,0.0,1.0,1.0,1.0,0.0,0.0,1,0.089967944,0
-0.4426335190425645,-1.2359716337944677,0.5110951820591287,0.0,0.0,1.0,0.0,0.0,1.0,0.0,1,0.72190493,1
-0.4426335190425645,1.003084374179176,0.8415833382093348,1.0,1.0,1.0,1.0,0.0,0.0,0.0,0,0.14751975,0
-0.4426335190425645,-1.07313119685093,0.6432904445192112,1.0,0.0,1.0,0.0,0.0,0.0,0.0,1,0.6117923,1
-0.4426335190425645,0.06675186175383406,0.411948735214067,1.0,1.0,1.0,0.0,0.0,0.0,1.0,0,0.17769687,0
-0.4426335190425645,-1.1952615245585831,-1.4718337548421077,1.0,0.0,1.0,0.0,0.0,1.0,0.0,0,0.22988968,0
-0.4426335190425645,1.1659248111227136,0.7093880757492524,0.0,0.0,1.0,0.0,1.0,0.0,0.0,0,0.07972212,0
-0.4426335190425645,1.4508955757739046,-1.2735408611519838,0.0,0.0,1.0,0.0,0.0,0.0,0.0,0,0.0077367024,0
-0.4426335190425645,1.6137360127174423,-0.31512520831638635,1.0,1.0,0.0,0.0,1.0,0.0,0.0,0,0.017705876,0
2.2592053176701206,-0.5438997767844324,1.337315572434644,0.0,0.0,1.0,0.0,0.0,0.0,0.0,0,0.62869847,1
-0.4426335190425645,1.6137360127174423,0.8415833382093348,1.0,1.0,1.0,0.0,0.0,0.0,1.0,0,0.027071418,0
-0.4426335190425645,-1.276681743030352,-1.4718337548421077,0.0,0.0,1.0,0.0,0.0,0.0,0.0,0,0.26651067,0
-0.4426335190425645,-0.2589290121332414,-1.5048825704571283,0.0,0.0,1.0,0.0,0.0,0.0,0.0,0,0.052538857,0
-0.4426335190425645,-0.9102907599073923,0.34585110398402574,1.0,0.0,1.0,0.0,1.0,0.0,0.0,0,0.47171664,0
-0.4426335190425645,0.43314284487679394,-1.4718337548421077,1.0,0.0,1.0,1.0,1.0,0.0,1.0,0,0.015603204,0
2.2592053176701206,1.573025903481558,0.14755821029390212,0.0,1.0,1.0,1.0,0.0,1.0,0.0,0,0.060177237,0
-0.4426335190425645,1.003084374179176,-1.5048825704571283,1.0,0.0,1.0,1.0,0.0,0.0,1.0,0,0.012621567,0
2.2592053176701206,-1.2359716337944677,0.9737786006694172,1.0,0.0,1.0,1.0,1.0,0.0,0.0,1,0.73451895,1
-0.4426335190425645,1.0437944834150603,0.015362947833819699,0.0,0.0,1.0,1.0,0.0,0.0,0.0,0,0.06639147,0
-0.4426335190425645,1.6137360127174423,0.21365584152394335,0.0,1.0,1.0,0.0,0.0,0.0,0.0,0,0.015596702,0
-0.4426335190425645,-1.07313119685093,-0.4803692863914894,0.0,0.0,1.0,0.0,0.0,0.0,0.0,1,0.4444201,0
-0.4426335190425645,-0.6660301044920857,0.8746321538243554,1.0,1.0,1.0,0.0,0.0,1.0,0.0,0,0.36963904,0
-0.4426335190425645,0.02604175251794963,1.3042667568196233,0.0,0.0,1.0,0.0,1.0,0.0,0.0,1,0.4590443,0
-0.4426335190425645,0.5959832818203317,1.006827416284438,1.0,0.0,1.0,0.0,0.0,0.0,0.0,0,0.29586476,0
-0.4426335190425645,0.2703024079332562,-0.5464669176215305,0.0,0.0,1.0,0.0,0.0,0.0,0.0,0,0.076990336,0
2.2592053176701206,1.573025903481558,-1.3065896767670044,1.0,0.0,1.0,1.0,0.0,0.0,1.0,0,0.025803164,0
-0.4426335190425645,-0.9510008691432766,0.34585110398402574,0.0,0.0,1.0,0.0,1.0,1.0,0.0,0,0.5287288,1
-0.4426335190425645,1.573025903481558,0.8746321538243554,1.0,0.0,1.0,1.0,0.0,0.0,1.0,0,0.09851919,0
-0.4426335190425645,1.5323157942456735,-0.8108574425416955,1.0,0.0,0.0,1.0,0.0,0.0,1.0,0,0.024700813,0
-0.4426335190425645,-1.1952615245585831,1.4364620192797057,1.0,0.0,1.0,1.0,1.0,0.0,0.0,0,0.7319622,1
-0.4426335190425645,-0.8288705414356234,0.57719281328917,1.0,0.0,1.0,0.0,0.0,0.0,1.0,1,0.4776393,0
-0.4426335190425645,0.5145630633485628,-1.4718337548421077,1.0,1.0,1.0,1.0,1.0,0.0,0.0,0,0.018453192,0
2.2592053176701206,-0.3403492306050102,1.3042667568196233,1.0,0.0,1.0,0.0,0.0,0.0,1.0,1,0.5703618,1
-0.4426335190425645,-0.9510008691432766,0.4449975508290876,0.0,0.0,1.0,0.0,1.0,0.0,0.0,1,0.60557187,1
-0.4426335190425645,0.2703024079332562,-0.51341810200651,1.0,0.0,0.0,1.0,1.0,0.0,0.0,1,0.1396707,0
-0.4426335190425645,1.4916056850097892,-1.4718337548421077,0.0,1.0,1.0,1.0,1.0,0.0,0.0,0,0.006293515,0
-0.4426335190425645,0.7588237187638693,0.7093880757492524,0.0,1.0,1.0,0.0,0.0,0.0,0.0,0,0.12525135,0
-0.4426335190425645,-0.2589290121332414,1.1059738631294997,1.0,0.0,1.0,1.0,1.0,0.0,0.0,1,0.41520703,0
-0.4426335190425645,0.6774035002921005,0.4449975508290876,0.0,1.0,1.0,1.0,0.0,0.0,1.0,0,0.080458604,0
2.2592053176701206,1.1659248111227136,0.7093880757492524,1.0,0.0,1.0,0.0,0.0,0.0,0.0,0,0.2554938,0
2.2592053176701206,-1.0324210876150455,-0.5464669176215305,0.0,0.0,1.0,0.0,0.0,0.0,1.0,0,0.5081947,1
-0.4426335190425645,1.6137360127174423,0.4780463664441082,0.0,0.0,1.0,0.0,0.0,0.0,0.0,0,0.04047432,0
-0.4426335190425645,0.43314284487679394,0.9737786006694172,0.0,0.0,1.0,1.0,1.0,0.0,1.0,0,0.17992465,0
-0.4426335190425645,1.4916056850097892,1.1390226787445203,0.0,0.0,1.0,0.0,0.0,0.0,0.0,0,0.10413634,0
-0.4426335190425645,1.1252147018868293,-1.3065896767670044,0.0,0.0,1.0,0.0,0.0,0.0,1.0,0,0.005178497,0
-0.4426335190425645,-1.276681743030352,-0.4803692863914894,1.0,0.0,1.0,0.0,1.0,0.0,0.0,1,0.47479036,0
2.2592053176701206,1.6137360127174423,1.4034132036646851,0.0,0.0,1.0,0.0,0.0,0.0,1.0,0,0.071666494,0
-0.4426335190425645,1.4101854665380202,1.3042667568196233,0.0,1.0,1.0,1.0,1.0,0.0,0.0,0,0.114334725,0
-0.4426335190425645,0.8809540464715226,1.3042667568196233,0.0,0.0,1.0,0.0,0.0,0.0,1.0,1,0.17020583,0
-0.4426335190425645,1.5323157942456735,0.411948735214067,1.0,0.0,1.0,1.0,1.0,0.0,0.0,0,0.05836873,0
-0.4426335190425645,-0.788160432199739,0.18060702590892272,1.0,0.0,1.0,0.0,0.0,0.0,0.0,0,0.41876253,0
-0.4426335190425645,1.4101854665380202,0.742436891364273,1.0,1.0,1.0,1.0,0.0,1.0,0.0,1,0.087892614,0
-0.4426335190425645,0.8809540464715226,-0.678662180081613,0.0,0.0,0.0,0.0,0.0,1.0,0.0,0,0.04456464,0
2.2592053176701206,-0.5438997767844324,0.7754857069792936,1.0,0.0,1.0,0.0,0.0,0.0,1.0,1,0.5574508,1
-0.4426335190425645,1.5323157942456735,1.66780372858485,1.0,1.0,1.0,1.0,0.0,1.0,0.0,0,0.15967354,0
-0.4426335190425645,-0.0146683567179348,0.31280228836900514,0.0,1.0,1.0,1.0,1.0,0.0,1.0,0,0.10961387,0
2.2592053176701206,-0.055378465953819234,0.8746321538243554,0.0,0.0,1.0,0.0,0.0,1.0,0.0,0,0.43425113,0
-0.4426335190425645,0.5145630633485628,1.0729250475144791,0.0,0.0,1.0,0.0,1.0,1.0,0.0,0,0.18686807,0
-0.4426335190425645,0.06675186175383406,0.4449975508290876,1.0,1.0,1.0,0.0,0.0,0.0,0.0,1,0.23824695,0
-0.4426335190425645,-1.1545514153226988,0.6102416289041906,0.0,0.0,1.0,1.0,1.0,1.0,0.0,0,0.6249459,1
-0.4426335190425645,-0.5846098860203168,-0.9761015206167984,0.0,1.0,0.0,0.0,0.0,0.0,0.0,1,0.20582876,0
-0.4426335190425645,-0.2589290121332414,0.31280228836900514,0.0,0.0,1.0,0.0,1.0,0.0,0.0,0,0.2719907,0
-0.4426335190425645,1.6137360127174423,1.7008525441998705,0.0,1.0,1.0,1.0,1.0,0.0,0.0,0,0.13919333,0
-0.4426335190425645,1.288055138830367,1.0729250475144791,0.0,0.0,1.0,1.0,1.0,0.0,0.0,0,0.11773903,0
-0.4426335190425645,-1.0324210876150455,0.34585110398402574,0.0,0.0,1.0,0.0,0.0,0.0,1.0,1,0.62308383,1
-0.4426335190425645,-0.5438997767844324,-0.4803692863914894,1.0,1.0,1.0,0.0,0.0,0.0,0.0,0,0.18054213,0
-0.4426335190425645,0.5959832818203317,0.015362947833819699,0.0,0.0,1.0,0.0,0.0,0.0,0.0,0,0.09896949,0
-0.4426335190425645,0.8402439372356382,0.5441439976741493,1.0,0.0,1.0,1.0,1.0,0.0,1.0,0,0.11785661,0
-0.4426335190425645,1.6137360127174423,1.66780372858485,0.0,0.0,1.0,0.0,0.0,0.0,1.0,0,0.06752801,0
2.2592053176701206,-0.6660301044920857,-0.18292994585630393,0.0,0.0,1.0,0.0,0.0,0.0,0.0,1,0.47667032,0
-0.4426335190425645,0.06675186175383406,-0.7778086269266749,1.0,1.0,0.0,1.0,1.0,0.0,0.0,0,0.09624458,0
-0.4426335190425645,-1.276681743030352,-0.31512520831638635,0.0,0.0,1.0,0.0,0.0,0.0,0.0,0,0.6153418,1
-0.4426335190425645,0.2703024079332562,-1.339638492382025,0.0,1.0,1.0,0.0,0.0,0.0,0.0,0,0.020163609,0
-0.4426335190425645,1.6137360127174423,0.907680969439376,1.0,0.0,1.0,1.0,0.0,0.0,1.0,0,0.09829629,0
-0.4426335190425645,1.6137360127174423,0.8746321538243554,0.0,0.0,1.0,0.0,0.0,0.0,0.0,0,0.0626299,0
-0.4426335190425645,1.1659248111227136,1.1059738631294997,1.0,1.0,1.0,0.0,0.0,1.0,0.0,0,0.123973146,0
-0.4426335190425645,-1.276681743030352,0.18060702590892272,0.0,0.0,1.0,0.0,0.0,0.0,1.0,1,0.6957756,1
-0.4426335190425645,1.4916056850097892,1.172071494359541,1.0,0.0,1.0,0.0,1.0,0.0,0.0,0,0.12967542,0
2.2592053176701206,-1.276681743030352,0.9737786006694172,1.0,0.0,1.0,0.0,0.0,0.0,0.0,1,0.7724207,1
-0.4426335190425645,-0.0146683567179348,0.18060702590892272,1.0,1.0,1.0,0.0,1.0,0.0,0.0,1,0.15283646,0
-0.4426335190425645,0.5959832818203317,-0.18292994585630393,0.0,0.0,1.0,0.0,0.0,0.0,0.0,0,0.08240124,0
-0.4426335190425645,-0.9510008691432766,-1.4718337548421077,0.0,0.0,1.0,1.0,1.0,0.0,0.0,0,0.09186045,0
-0.4426335190425645,-0.2589290121332414,-1.4718337548421077,1.0,0.0,1.0,0.0,0.0,0.0,0.0,0,0.04964114,0
-0.4426335190425645,1.5323157942456735,0.4780463664441082,1.0,0.0,1.0,1.0,1.0,0.0,0.0,0,0.061775308,0
2.2592053176701206,-1.276681743030352,0.18060702590892272,0.0,0.0,1.0,1.0,1.0,0.0,0.0,1,0.6847391,1
-0.4426335190425645,1.573025903481558,1.3703643880496645,1.0,0.0,1.0,1.0,0.0,0.0,1.0,0,0.15811148,0
-0.4426335190425645,-1.276681743030352,0.21365584152394335,0.0,0.0,1.0,1.0,0.0,0.0,0.0,1,0.6863437,1
-0.4426335190425645,-0.2996391213691258,-0.34817402393140695,1.0,1.0,1.0,0.0,1.0,0.0,0.0,0,0.11374198,0
-0.4426335190425645,-0.7067402137279701,-1.3065896767670044,0.0,0.0,1.0,1.0,0.0,0.0,1.0,0,0.07209306,0
2.2592053176701206,1.4916056850097892,0.742436891364273,0.0,0.0,1.0,0.0,0.0,0.0,1.0,0,0.050335955,0
2.2592053176701206,0.6774035002921005,-0.4803692863914894,1.0,0.0,1.0,0.0,0.0,0.0,0.0,0,0.1714438,0
-0.4426335190425645,-0.055378465953819234,0.5110951820591287,1.0,0.0,1.0,1.0,1.0,0.0,1.0,0,0.2616594,0
-0.4426335190425645,-1.276681743030352,-0.6456133644665925,0.0,0.0,1.0,1.0,0.0,0.0,1.0,0,0.37072968,0
-0.4426335190425645,1.288055138830367,0.31280228836900514,0.0,0.0,1.0,0.0,0.0,0.0,0.0,0,0.059271,0
-0.4426335190425645,-0.8695806506715078,-1.4718337548421077,0.0,1.0,1.0,0.0,0.0,1.0,0.0,1,0.109339364,0
-0.4426335190425645,0.5959832818203317,-1.438784939227087,0.0,0.0,1.0,1.0,0.0,0.0,1.0,0,0.01847752,0
-0.4426335190425645,1.6137360127174423,1.1059738631294997,0.0,0.0,1.0,0.0,0.0,0.0,0.0,0,0.082043126,0
2.2592053176701206,0.35172262640502505,1.3042667568196233,0.0,0.0,1.0,0.0,0.0,0.0,0.0,0,0.4741301,0
-0.4426335190425645,-1.276681743030352,-1.4718337548421077,1.0,1.0,1.0,0.0,0.0,1.0,0.0,1,0.19765255,0
2.2592053176701206,-1.1545514153226988,-1.1413455986919014,1.0,0.0,0.0,1.0,1.0,0.0,1.0,0,0.5653081,1
2.2592053176701206,-0.788160432199739,1.1059738631294997,1.0,0.0,1.0,1.0,1.0,0.0,0.0,1,0.63142216,1
2.2592053176701206,0.8402439372356382,1.0729250475144791,0.0,0.0,1.0,0.0,0.0,0.0,1.0,0,0.18782209,0
-0.4426335190425645,-0.3810593398408947,0.6432904445192112,1.0,0.0,1.0,0.0,1.0,0.0,0.0,0,0.40199745,0
-0.4426335190425645,-0.9102907599073923,-1.438784939227087,0.0,0.0,1.0,0.0,0.0,0.0,0.0,0,0.1351981,0
-0.4426335190425645,-0.9917109783791611,-1.5048825704571283,0.0,0.0,1.0,1.0,1.0,0.0,0.0,0,0.09433567,0
-0.4426335190425645,1.3694753573021359,0.8085345225943142,1.0,0.0,1.0,1.0,1.0,0.0,0.0,0,0.102935806,0
-0.4426335190425645,1.4101854665380202,1.337315572434644,1.0,1.0,1.0,1.0,1.0,1.0,0.0,0,0.099681474,0
-0.4426335190425645,-1.2359716337944677,-1.4718337548421077,0.0,0.0,1.0,0.0,0.0,0.0,0.0,0,0.24814405,0
-0.4426335190425645,-1.1952615245585831,0.37889991959904634,0.0,0.0,1.0,0.0,0.0,1.0,0.0,1,0.6940595,1
-0.4426335190425645,-0.9917109783791611,-0.8769550737717366,0.0,1.0,0.0,0.0,1.0,0.0,0.0,0,0.27919215,0
-0.4426335190425645,-1.07313119685093,-0.11683231462626273,1.0,0.0,1.0,1.0,0.0,1.0,0.0,0,0.5088118,1
-0.4426335190425645,-1.07313119685093,1.337315572434644,0.0,0.0,1.0,0.0,0.0,0.0,1.0,1,0.77932394,1
-0.4426335190425645,-1.276681743030352,0.8746321538243554,0.0,0.0,1.0,1.0,1.0,0.0,0.0,1,0.7337611,1
-0.4426335190425645,-0.6253199952562012,1.0398762318994585,1.0,0.0,1.0,1.0,1.0,0.0,0.0,0,0.5101652,1
-0.4426335190425645,-1.1952615245585831,-1.3065896767670044,1.0,0.0,0.0,0.0,1.0,1.0,0.0,1,0.4948364,0
-0.4426335190425645,-0.9917109783791611,0.6763392601342318,0.0,0.0,1.0,0.0,0.0,0.0,0.0,1,0.7047817,1
-0.4426335190425645,-0.9102907599073923,0.11450939467888152,0.0,0.0,1.0,1.0,1.0,0.0,1.0,0,0.33767486,0
2.2592053176701206,1.0437944834150603,1.172071494359541,0.0,0.0,1.0,1.0,1.0,1.0,0.0,0,0.2151796,0
-0.4426335190425645,-1.1138413060868144,-0.4473204707764688,0.0,0.0,1.0,0.0,0.0,1.0,0.0,1,0.48507908,0
2.2592053176701206,0.5145630633485628,0.34585110398402574,1.0,0.0,1.0,0.0,1.0,0.0,0.0,0,0.3350579,0
-0.4426335190425645,-0.055378465953819234,-1.2735408611519838,1.0,1.0,1.0,1.0,1.0,0.0,0.0,0,0.039766386,0
-0.4426335190425645,-0.2589290121332414,0.18060702590892272,0.0,0.0,1.0,1.0,0.0,0.0,0.0,0,0.2274554,0
-0.4426335190425645,0.5552731725844472,-0.9761015206167984,0.0,1.0,0.0,1.0,1.0,1.0,0.0,0,0.032489467,0
-0.4426335190425645,-1.276681743030352,-1.5048825704571283,1.0,1.0,1.0,0.0,1.0,0.0,0.0,0,0.11990706,0
-0.4426335190425645,-0.2996391213691258,-0.31512520831638635,0.0,1.0,1.0,1.0,1.0,0.0,0.0,0,0.14245832,0
-0.4426335190425645,-1.1545514153226988,0.31280228836900514,0.0,1.0,1.0,0.0,0.0,0.0,0.0,1,0.6425961,1
-0.4426335190425645,0.10746197098971849,0.8415833382093348,1.0,1.0,1.0,0.0,1.0,0.0,0.0,0,0.26675755,0
-0.4426335190425645,-1.276681743030352,0.34585110398402574,1.0,0.0,1.0,1.0,1.0,0.0,1.0,1,0.6247395,1
-0.4426335190425645,0.31101251716914063,-0.24902757708634515,0.0,0.0,1.0,1.0,1.0,0.0,1.0,0,0.060781065,0
-0.4426335190425645,-0.09608857518970366,0.9737786006694172,0.0,0.0,1.0,0.0,0.0,0.0,0.0,1,0.44033274,0
-0.4426335190425645,-1.276681743030352,0.34585110398402574,1.0,0.0,1.0,0.0,1.0,0.0,1.0,0,0.60527486,1
2.2592053176701206,-0.788160432199739,-0.31512520831638635,0.0,0.0,1.0,0.0,0.0,1.0,0.0,0,0.44388753,0
-0.4426335190425645,-1.2359716337944677,-0.6456133644665925,0.0,0.0,1.0,1.0,1.0,0.0,1.0,0,0.3001739,0
-0.4426335190425645,1.6137360127174423,-1.4718337548421077,1.0,0.0,1.0,0.0,0.0,0.0,0.0,0,0.008429219,0
-0.4426335190425645,1.573025903481558,0.6102416289041906,1.0,0.0,1.0,0.0,0.0,0.0,1.0,0,0.05839454,0
-0.4426335190425645,-0.9917109783791611,0.9737786006694172,1.0,0.0,1.0,0.0,1.0,0.0,0.0,1,0.6091242,1
-0.4426335190425645,-1.276681743030352,-0.6456133644665925,0.0,0.0,1.0,1.0,1.0,0.0,0.0,0,0.3816451,0
-0.4426335190425645,-0.3810593398408947,0.4780463664441082,0.0,0.0,1.0,0.0,0.0,0.0,0.0,0,0.41234037,0
-0.4426335190425645,-1.1952615245585831,-1.174394414306922,0.0,0.0,0.0,0.0,0.0,1.0,0.0,0,0.5203054,1
-0.4426335190425645,-0.3810593398408947,0.9737786006694172,0.0,0.0,1.0,0.0,0.0,0.0,1.0,0,0.45222917,0
-0.4426335190425645,1.6137360127174423,1.5686572817397881,1.0,1.0,1.0,0.0,0.0,0.0,0.0,0,0.14408223,0
-0.4426335190425645,0.8402439372356382,1.337315572434644,1.0,1.0,1.0,0.0,1.0,0.0,0.0,0,0.22756487,0
-0.4426335190425645,1.003084374179176,0.7754857069792936,0.0,0.0,1.0,0.0,0.0,0.0,1.0,0,0.06935207,0
-0.4426335190425645,1.003084374179176,0.8415833382093348,1.0,0.0,1.0,1.0,1.0,0.0,0.0,0,0.14789379,0
-0.4426335190425645,-1.276681743030352,-1.1413455986919014,0.0,1.0,0.0,0.0,0.0,0.0,0.0,1,0.5012779,1
-0.4426335190425645,0.636693391056216,0.21365584152394335,1.0,0.0,1.0,1.0,1.0,1.0,0.0,0,0.10381395,0
-0.4426335190425645,1.6137360127174423,-0.11683231462626273,1.0,0.0,0.0,0.0,0.0,0.0,0.0,0,0.046625596,0
-0.4426335190425645,1.573025903481558,0.8746321538243554,0.0,1.0,1.0,1.0,1.0,1.0,0.0,0,0.044137668,0
-0.4426335190425645,0.7588237187638693,0.4780463664441082,0.0,0.0,1.0,0.0,0.0,0.0,0.0,0,0.13666469,0
-0.4426335190425645,-0.09608857518970366,-0.34817402393140695,1.0,1.0,1.0,1.0,1.0,0.0,0.0,0,0.10419196,0
-0.4426335190425645,-0.503189667548548,-1.2735408611519838,0.0,1.0,1.0,0.0,0.0,1.0,0.0,0,0.06423699,0
-0.4426335190425645,-1.276681743030352,-1.4718337548421077,0.0,0.0,1.0,1.0,0.0,0.0,1.0,1,0.16415165,0
-0.4426335190425645,-1.1952615245585831,1.0729250475144791,0.0,0.0,1.0,0.0,0.0,1.0,0.0,1,0.76699984,1
-0.4426335190425645,1.4101854665380202,0.5110951820591287,1.0,1.0,1.0,1.0,1.0,0.0,0.0,1,0.05240151,0
2.2592053176701206,-0.055378465953819234,0.31280228836900514,0.0,0.0,1.0,1.0,1.0,0.0,0.0,1,0.37727302,0
-0.4426335190425645,-1.276681743030352,0.18060702590892272,1.0,0.0,1.0,0.0,0.0,0.0,1.0,1,0.59559894,1
-0.4426335190425645,-0.6660301044920857,-1.5048825704571283,0.0,0.0,1.0,0.0,0.0,0.0,0.0,0,0.08062951,0
-0.4426335190425645,0.5959832818203317,-0.31512520831638635,1.0,1.0,1.0,0.0,0.0,0.0,1.0,0,0.031361375,0
-0.4426335190425645,1.573025903481558,1.4364620192797057,1.0,0.0,1.0,1.0,1.0,0.0,0.0,1,0.15593646,0
-0.4426335190425645,0.06675186175383406,-1.4718337548421077,0.0,0.0,1.0,1.0,0.0,1.0,0.0,0,0.035748165,0
-0.4426335190425645,-0.6660301044920857,0.8746321538243554,0.0,0.0,1.0,0.0,0.0,0.0,0.0,0,0.6255615,1
-0.4426335190425645,-0.4217694490767791,0.6432904445192112,0.0,0.0,1.0,0.0,1.0,0.0,0.0,0,0.43338,0
-0.4426335190425645,-1.0324210876150455,-1.009150336231819,1.0,1.0,0.0,0.0,0.0,1.0,0.0,1,0.3670302,0
-0.4426335190425645,0.9216641557074071,-0.28207639270136575,0.0,1.0,1.0,1.0,1.0,0.0,0.0,0,0.03814323,0
-0.4426335190425645,0.1481720802256029,1.0729250475144791,0.0,1.0,1.0,0.0,1.0,0.0,0.0,1,0.2919901,0
-0.4426335190425645,-0.8695806506715078,0.6763392601342318,1.0,0.0,1.0,1.0,1.0,0.0,1.0,0,0.52330095,1
-0.4426335190425645,1.3694753573021359,1.337315572434644,1.0,0.0,1.0,1.0,1.0,0.0,1.0,1,0.15040362,0
-0.4426335190425645,-0.1367986844255881,0.34585110398402574,1.0,0.0,1.0,0.0,0.0,0.0,1.0,0,0.29884383,0
-0.4426335190425645,1.6137360127174423,-1.339638492382025,1.0,0.0,1.0,1.0,1.0,0.0,0.0,0,0.009322688,0
-0.4426335190425645,-0.21821890289735696,-1.4718337548421077,1.0,0.0,1.0,0.0,0.0,0.0,0.0,0,0.048002653,0
2.2592053176701206,-0.6253199952562012,0.8085345225943142,0.0,0.0,1.0,0.0,0.0,0.0,1.0,1,0.6199877,1
-0.4426335190425645,-0.4217694490767791,0.015362947833819699,1.0,0.0,1.0,0.0,1.0,0.0,0.0,0,0.29146144,0
-0.4426335190425645,0.5552731725844472,-1.438784939227087,0.0,0.0,1.0,1.0,1.0,0.0,0.0,0,0.021781724,0
-0.4426335190425645,-1.276681743030352,0.6102416289041906,0.0,0.0,1.0,0.0,0.0,0.0,1.0,0,0.76407725,1
-0.4426335190425645,0.7588237187638693,-0.28207639270136575,0.0,1.0,0.0,0.0,1.0,0.0,0.0,0,0.041705564,0
-0.4426335190425645,-1.1138413060868144,-0.017685867781200907,0.0,0.0,1.0,1.0,0.0,0.0,1.0,0,0.5080777,1
-0.4426335190425645,-0.055378465953819234,0.57719281328917,1.0,0.0,1.0,0.0,0.0,0.0,0.0,0,0.3295206,0
-0.4426335190425645,1.206634920358598,1.3703643880496645,1.0,1.0,1.0,0.0,0.0,0.0,0.0,0,0.2207101,0
-0.4426335190425645,-1.0324210876150455,0.14755821029390212,1.0,0.0,1.0,1.0,0.0,0.0,0.0,0,0.5308809,1
-0.4426335190425645,0.35172262640502505,0.34585110398402574,0.0,0.0,1.0,0.0,1.0,0.0,0.0,0,0.14327587,0
-0.4426335190425645,-0.055378465953819234,0.5441439976741493,0.0,1.0,1.0,0.0,0.0,1.0,0.0,0,0.20789753,0
-0.4426335190425645,1.4508955757739046,0.8085345225943142,0.0,1.0,1.0,1.0,0.0,0.0,1.0,0,0.036060773,0
-0.4426335190425645,-1.276681743030352,-1.5048825704571283,0.0,0.0,1.0,1.0,1.0,0.0,0.0,0,0.15656061,0
-0.4426335190425645,0.2703024079332562,0.7093880757492524,1.0,1.0,1.0,0.0,0.0,1.0,0.0,1,0.2122655,0
-0.4426335190425645,-0.4217694490767791,0.14755821029390212,0.0,0.0,1.0,1.0,1.0,1.0,0.0,1,0.20002843,0
-0.4426335190425645,-1.0324210876150455,-0.4803692863914894,0.0,0.0,1.0,0.0,0.0,1.0,0.0,0,0.42929405,0
-0.4426335190425645,0.02604175251794963,-1.2735408611519838,0.0,0.0,1.0,1.0,0.0,0.0,0.0,0,0.05078504,0
-0.4426335190425645,-0.3810593398408947,0.015362947833819699,1.0,0.0,1.0,0.0,0.0,0.0,0.0,0,0.30138275,0
-0.4426335190425645,-1.276681743030352,-0.678662180081613,1.0,1.0,1.0,0.0,0.0,0.0,0.0,0,0.34958044,0
-0.4426335190425645,1.3287652480662513,-0.14988113024128333,0.0,0.0,1.0,0.0,0.0,1.0,0.0,0,0.033221867,0
-0.4426335190425645,-0.5846098860203168,-1.339638492382025,1.0,0.0,1.0,0.0,1.0,0.0,0.0,0,0.07385583,0
2.2592053176701206,-0.8288705414356234,1.1059738631294997,0.0,0.0,1.0,0.0,0.0,0.0,1.0,1,0.6948563,1
-0.4426335190425645,0.43314284487679394,-1.3065896767670044,0.0,1.0,1.0,0.0,1.0,1.0,0.0,0,0.0140301045,0
-0.4426335190425645,-1.2359716337944677,0.21365584152394335,1.0,0.0,1.0,1.0,0.0,0.0,0.0,0,0.6222243,1
-0.4426335190425645,1.6137360127174423,-1.3065896767670044,0.0,0.0,1.0,0.0,0.0,0.0,0.0,0,0.005885573,0
-0.4426335190425645,1.6137360127174423,0.742436891364273,1.0,0.0,1.0,0.0,0.0,0.0,0.0,0,0.096020445,0
-0.4426335190425645,-0.2996391213691258,-1.3065896767670044,1.0,0.0,1.0,0.0,1.0,0.0,0.0,1,0.051229127,0
-0.4426335190425645,1.6137360127174423,1.1059738631294997,1.0,0.0,1.0,0.0,0.0,0.0,0.0,0,0.13854079,0
-0.4426335190425645,-0.2589290121332414,0.742436891364273,0.0,0.0,1.0,1.0,0.0,0.0,1.0,0,0.30080062,0
-0.4426335190425645,-1.07313119685093,0.7754857069792936,1.0,0.0,1.0,0.0,0.0,0.0,0.0,0,0.6260464,1
-0.4426335190425645,-0.9102907599073923,1.1390226787445203,0.0,0.0,1.0,0.0,0.0,0.0,1.0,1,0.71420527,1
-0.4426335190425645,0.06675186175383406,0.31280228836900514,0.0,0.0,1.0,1.0,1.0,0.0,0.0,1,0.18078373,0
-0.4426335190425645,0.02604175251794963,-1.4718337548421077,1.0,0.0,1.0,0.0,0.0,0.0,1.0,0,0.02566927,0
-0.4426335190425645,-0.8695806506715078,-0.4473204707764688,0.0,1.0,1.0,1.0,0.0,0.0,1.0,0,0.17176493,0
-0.4426335190425645,-1.276681743030352,-0.4473204707764688,1.0,0.0,1.0,0.0,0.0,0.0,1.0,0,0.46431118,0
-0.4426335190425645,1.2473450295944826,-1.4718337548421077,1.0,1.0,1.0,0.0,1.0,0.0,0.0,0,0.006674353,0
2.2592053176701206,0.7995338279997538,1.4364620192797057,0.0,0.0,1.0,1.0,1.0,1.0,0.0,0,0.31351382,0
-0.4426335190425645,-1.276681743030352,-1.4718337548421077,1.0,0.0,1.0,1.0,1.0,0.0,1.0,0,0.17559642,0
-0.4426335190425645,-0.6253199952562012,0.18060702590892272,1.0,1.0,1.0,0.0,1.0,0.0,0.0,0,0.27652422,0
-0.4426335190425645,-1.1138413060868144,0.37889991959904634,1.0,0.0,1.0,1.0,1.0,0.0,0.0,1,0.58944726,1
-0.4426335190425645,-0.9917109783791611,0.08146057906386091,1.0,0.0,1.0,1.0,1.0,1.0,0.0,0,0.5070543,1
-0.4426335190425645,0.35172262640502505,0.5110951820591287,0.0,1.0,1.0,0.0,0.0,1.0,0.0,1,0.14851591,0
-0.4426335190425645,-0.2996391213691258,0.57719281328917,1.0,0.0,1.0,0.0,0.0,0.0,0.0,0,0.36995336,0
-0.4426335190425645,0.8402439372356382,-1.4718337548421077,0.0,1.0,1.0,0.0,0.0,0.0,1.0,0,0.0031195693,0
-0.4426335190425645,1.206634920358598,1.6347549129698293,0.0,0.0,1.0,0.0,0.0,0.0,1.0,0,0.13968435,0
-0.4426335190425645,0.2703024079332562,-0.18292994585630393,0.0,0.0,1.0,1.0,1.0,1.0,0.0,0,0.074736364,0
-0.4426335190425645,1.4101854665380202,1.5356084661247675,1.0,1.0,1.0,1.0,0.0,1.0,0.0,0,0.16166338,0
-0.4426335190425645,0.18888218946148735,1.006827416284438,0.0,1.0,1.0,0.0,0.0,0.0,0.0,0,0.36115342,0
-0.4426335190425645,1.6137360127174423,1.7669501754299117,0.0,1.0,1.0,1.0,1.0,0.0,0.0,0,0.14813402,0
-0.4426335190425645,-0.9917109783791611,-0.34817402393140695,0.0,0.0,1.0,1.0,1.0,0.0,0.0,0,0.31015784,0
-0.4426335190425645,-1.0324210876150455,-1.4718337548421077,1.0,1.0,1.0,0.0,1.0,0.0,0.0,0,0.08719117,0
-0.4426335190425645,-0.3403492306050102,-0.21597876147132455,1.0,0.0,1.0,0.0,0.0,0.0,0.0,0,0.23406532,0
-0.4426335190425645,0.39243273564090947,0.5110951820591287,1.0,0.0,1.0,0.0,0.0,0.0,1.0,0,0.2254979,0
2.2592053176701206,-0.503189667548548,0.31280228836900514,1.0,0.0,1.0,0.0,1.0,1.0,0.0,1,0.445509,0
-0.4426335190425645,1.4508955757739046,0.4449975508290876,0.0,1.0,1.0,0.0,0.0,1.0,0.0,0,0.026765654,0
-0.4426335190425645,-0.3403492306050102,-1.4718337548421077,0.0,1.0,1.0,1.0,1.0,0.0,0.0,0,0.04334539,0
-0.4426335190425645,1.5323157942456735,-1.4718337548421077,0.0,0.0,1.0,1.0,0.0,0.0,1.0,0,0.005084216,0
-0.4426335190425645,-1.2359716337944677,-1.339638492382025,0.0,0.0,0.0,1.0,1.0,0.0,1.0,0,0.33465216,0
2.2592053176701206,-1.276681743030352,-0.4803692863914894,0.0,0.0,1.0,1.0,1.0,0.0,0.0,1,0.57398844,1
-0.4426335190425645,-0.5438997767844324,-0.6456133644665925,1.0,0.0,1.0,1.0,0.0,1.0,0.0,0,0.16651638,0
-0.4426335190425645,-0.9917109783791611,1.006827416284438,1.0,1.0,1.0,0.0,1.0,0.0,0.0,0,0.53720886,1
-0.4426335190425645,-0.21821890289735696,-0.51341810200651,1.0,0.0,1.0,0.0,0.0,0.0,1.0,0,0.1192278,0
-0.4426335190425645,0.35172262640502505,-0.14988113024128333,1.0,1.0,1.0,1.0,1.0,1.0,0.0,0,0.07478406,0
-0.4426335190425645,0.7588237187638693,-1.4718337548421077,0.0,1.0,1.0,0.0,0.0,0.0,0.0,0,0.008754729,0
-0.4426335190425645,1.206634920358598,0.8085345225943142,1.0,1.0,1.0,0.0,0.0,0.0,0.0,0,0.09973594,0
2.2592053176701206,0.43314284487679394,-1.0421991518468396,0.0,0.0,0.0,1.0,1.0,0.0,0.0,0,0.13816887,0
-0.4426335190425645,-0.09608857518970366,0.7093880757492524,0.0,1.0,1.0,1.0,0.0,1.0,0.0,0,0.23193274,0
2.2592053176701206,-0.3810593398408947,0.742436891364273,1.0,0.0,1.0,0.0,0.0,0.0,0.0,0,0.52179956,1
-0.4426335190425645,1.1659248111227136,1.3703643880496645,1.0,1.0,1.0,1.0,0.0,0.0,0.0,1,0.19897056,0
-0.4426335190425645,-0.3810593398408947,-1.2735408611519838,0.0,1.0,1.0,0.0,0.0,0.0,1.0,0,0.022631096,0
-0.4426335190425645,0.9623742649432915,-1.438784939227087,1.0,1.0,1.0,1.0,1.0,1.0,0.0,0,0.01155509,0
2.2592053176701206,-0.0146683567179348,1.172071494359541,0.0,1.0,1.0,1.0,1.0,0.0,0.0,0,0.42150456,0
2.2592053176701206,0.5552731725844472,0.8746321538243554,0.0,0.0,1.0,0.0,0.0,1.0,0.0,0,0.2712355,0
-0.4426335190425645,-0.5846098860203168,-0.34817402393140695,0.0,1.0,1.0,0.0,0.0,0.0,0.0,0,0.21060716,0
-0.4426335190425645,-0.0146683567179348,0.8746321538243554,0.0,1.0,1.0,0.0,0.0,0.0,0.0,1,0.38551852,0
-0.4426335190425645,0.5552731725844472,0.6432904445192112,0.0,0.0,1.0,0.0,1.0,0.0,0.0,0,0.1614766,0
-0.4426335190425645,-0.0146683567179348,0.37889991959904634,0.0,1.0,1.0,0.0,0.0,0.0,1.0,0,0.09990776,0
-0.4426335190425645,-1.276681743030352,-1.5048825704571283,1.0,0.0,1.0,0.0,1.0,0.0,0.0,0,0.19904256,0
-0.4426335190425645,0.5552731725844472,-0.678662180081613,0.0,0.0,0.0,0.0,0.0,1.0,0.0,0,0.06915318,0
-0.4426335190425645,-0.9510008691432766,1.006827416284438,0.0,0.0,1.0,1.0,0.0,0.0,1.0,1,0.69342756,1
-0.4426335190425645,-0.1367986844255881,0.34585110398402574,0.0,0.0,1.0,0.0,0.0,1.0,0.0,0,0.21697919,0
-0.4426335190425645,1.1252147018868293,-0.11683231462626273,1.0,0.0,1.0,0.0,0.0,0.0,0.0,0,0.06587861,0
-0.4426335190425645,1.3694753573021359,1.337315572434644,0.0,0.0,1.0,0.0,0.0,1.0,0.0,0,0.10933725,0
2.2592053176701206,0.31101251716914063,-0.28207639270136575,0.0,0.0,0.0,0.0,0.0,0.0,0.0,1,0.30012026,0
-0.4426335190425645,-0.788160432199739,-1.1413455986919014,0.0,1.0,0.0,1.0,1.0,0.0,0.0,0,0.19390744,0
2.2592053176701206,0.6774035002921005,1.2712179412046027,0.0,0.0,1.0,1.0,1.0,0.0,0.0,0,0.41211015,0
-0.4426335190425645,0.9216641557074071,0.6763392601342318,0.0,1.0,1.0,1.0,1.0,0.0,0.0,0,0.103792794,0
-0.4426335190425645,1.206634920358598,-1.2735408611519838,0.0,1.0,1.0,0.0,0.0,1.0,0.0,0,0.0072503434,0
-0.4426335190425645,1.288055138830367,0.742436891364273,0.0,1.0,1.0,1.0,0.0,0.0,1.0,0,0.04463695,0
-0.4426335190425645,-0.788160432199739,-0.4803692863914894,1.0,1.0,1.0,1.0,1.0,0.0,0.0,0,0.21432123,0
-0.4426335190425645,0.10746197098971849,0.24670465713896395,0.0,1.0,1.0,0.0,0.0,0.0,0.0,1,0.18479057,0
-0.4426335190425645,1.5323157942456735,0.7754857069792936,1.0,0.0,1.0,0.0,1.0,0.0,0.0,0,0.0773557,0
-0.4426335190425645,-1.1952615245585831,0.5110951820591287,0.0,1.0,1.0,0.0,0.0,0.0,0.0,1,0.6904267,1
-0.4426335190425645,1.6137360127174423,1.502559650509747,0.0,0.0,1.0,0.0,0.0,1.0,0.0,0,0.09142867,0
-0.4426335190425645,1.6137360127174423,1.6347549129698293,0.0,0.0,1.0,1.0,0.0,0.0,1.0,0,0.11079566,0
-0.4426335190425645,0.02604175251794963,1.0398762318994585,1.0,0.0,1.0,0.0,1.0,0.0,0.0,1,0.3851291,0
-0.4426335190425645,0.9623742649432915,1.1059738631294997,0.0,0.0,1.0,0.0,0.0,1.0,0.0,0,0.14614443,0
-0.4426335190425645,1.2473450295944826,1.0398762318994585,0.0,0.0,1.0,1.0,1.0,0.0,0.0,0,0.11840702,0
-0.4426335190425645,-1.1138413060868144,0.5441439976741493,1.0,0.0,1.0,1.0,1.0,0.0,0.0,1,0.6143179,1
2.2592053176701206,-0.055378465953819234,-0.4803692863914894,0.0,0.0,0.0,1.0,1.0,0.0,1.0,0,0.27168238,0
-0.4426335190425645,-1.276681743030352,0.14755821029390212,0.0,0.0,1.0,0.0,0.0,0.0,0.0,1,0.70337045,1
-0.4426335190425645,1.5323157942456735,1.3703643880496645,1.0,1.0,1.0,0.0,0.0,0.0,0.0,0,0.12727417,0
-0.4426335190425645,1.206634920358598,-1.339638492382025,0.0,0.0,1.0,0.0,0.0,0.0,1.0,0,0.0044092773,0
-0.4426335190425645,1.5323157942456735,0.34585110398402574,0.0,1.0,1.0,1.0,1.0,0.0,0.0,0,0.035730164,0
-0.4426335190425645,0.6774035002921005,0.34585110398402574,1.0,0.0,1.0,0.0,0.0,0.0,1.0,0,0.14341725,0
-0.4426335190425645,0.22959229869737177,0.57719281328917,1.0,1.0,1.0,0.0,0.0,0.0,0.0,0,0.23426697,0
-0.4426335190425645,0.6774035002921005,0.0484117634488403,1.0,0.0,1.0,1.0,1.0,0.0,0.0,0,0.09563287,0
2.2592053176701206,1.3694753573021359,0.21365584152394335,0.0,0.0,1.0,0.0,0.0,0.0,0.0,0,0.07803382,0
-0.4426335190425645,1.3287652480662513,0.18060702590892272,1.0,1.0,1.0,1.0,1.0,0.0,0.0,0,0.042546142,0
-0.4426335190425645,-1.1952615245585831,-1.5048825704571283,1.0,0.0,1.0,0.0,0.0,0.0,1.0,0,0.1596079,0
-0.4426335190425645,-0.0146683567179348,-0.08378349901124212,0.0,1.0,1.0,0.0,0.0,1.0,0.0,0,0.114484236,0
2.2592053176701206,0.718113609527985,1.337315572434644,1.0,0.0,1.0,0.0,0.0,0.0,1.0,0,0.38904697,0
-0.4426335190425645,-1.0324210876150455,0.5110951820591287,0.0,0.0,1.0,1.0,1.0,0.0,0.0,1,0.616453,1
-0.4426335190425645,1.1252147018868293,-1.339638492382025,1.0,0.0,1.0,0.0,1.0,0.0,0.0,0,0.0122424625,0
-0.4426335190425645,1.3287652480662513,1.1390226787445203,1.0,0.0,1.0,0.0,1.0,0.0,0.0,0,0.1500623,0
-0.4426335190425645,0.8402439372356382,0.31280228836900514,1.0,0.0,1.0,0.0,1.0,0.0,0.0,0,0.10263592,0
-0.4426335190425645,0.636693391056216,1.5686572817397881,1.0,1.0,1.0,1.0,0.0,0.0,1.0,0,0.27166465,0
-0.4426335190425645,-1.2359716337944677,0.5110951820591287,0.0,0.0,1.0,1.0,1.0,0.0,0.0,1,0.6779041,1
-0.4426335190425645,-0.2996391213691258,0.18060702590892272,1.0,0.0,1.0,0.0,1.0,0.0,0.0,0,0.303894,0
-0.4426335190425645,0.6774035002921005,0.6432904445192112,0.0,0.0,1.0,1.0,0.0,1.0,0.0,0,0.13339053,0
-0.4426335190425645,1.6137360127174423,1.5356084661247675,1.0,0.0,1.0,1.0,1.0,0.0,0.0,0,0.1637411,0
-0.4426335190425645,-1.1952615245585831,-0.21597876147132455,0.0,0.0,1.0,1.0,1.0,0.0,0.0,0,0.47380558,0
2.2592053176701206,-0.8288705414356234,1.1390226787445203,1.0,0.0,1.0,1.0,1.0,0.0,0.0,1,0.6458164,1
-0.4426335190425645,-0.3810593398408947,-1.4718337548421077,0.0,0.0,1.0,1.0,0.0,0.0,1.0,0,0.043545954,0
-0.4426335190425645,-1.1545514153226988,0.24670465713896395,1.0,0.0,1.0,0.0,0.0,1.0,0.0,1,0.58928996,1
-0.4426335190425645,-0.8695806506715078,-1.4718337548421077,0.0,1.0,1.0,0.0,1.0,0.0,0.0,0,0.06295407,0
-0.4426335190425645,0.5552731725844472,-0.6456133644665925,1.0,0.0,1.0,1.0,1.0,0.0,0.0,0,0.05104797,0
-0.4426335190425645,-1.276681743030352,0.21365584152394335,0.0,0.0,1.0,0.0,0.0,0.0,0.0,1,0.71269786,1
-0.4426335190425645,1.4508955757739046,0.8415833382093348,0.0,0.0,1.0,1.0,1.0,0.0,0.0,0,0.08131478,0
-0.4426335190425645,-1.276681743030352,-1.4718337548421077,1.0,1.0,1.0,1.0,0.0,0.0,1.0,0,0.13990128,0
-0.4426335190425645,1.6137360127174423,1.3703643880496645,1.0,1.0,1.0,1.0,1.0,1.0,0.0,0,0.081817254,0
-0.4426335190425645,0.35172262640502505,-1.4718337548421077,1.0,1.0,1.0,1.0,1.0,1.0,0.0,0,0.020533582,0
-0.4426335190425645,-0.5846098860203168,0.11450939467888152,1.0,0.0,1.0,0.0,1.0,1.0,0.0,0,0.33353326,0
-0.4426335190425645,-1.276681743030352,-0.6125645488515719,0.0,1.0,1.0,1.0,0.0,0.0,1.0,1,0.288885,0
-0.4426335190425645,0.06675186175383406,1.3703643880496645,1.0,0.0,1.0,0.0,0.0,0.0,0.0,1,0.37230158,0
-0.4426335190425645,-0.1775087936614725,1.3703643880496645,1.0,0.0,1.0,0.0,1.0,1.0,0.0,1,0.38981155,0
-0.4426335190425645,0.2703024079332562,-0.31512520831638635,1.0,1.0,0.0,0.0,0.0,1.0,0.0,0,0.11520895,0
-0.4426335190425645,1.573025903481558,1.0729250475144791,1.0,1.0,1.0,1.0,1.0,0.0,1.0,0,0.059699092,0
-0.4426335190425645,-0.7474503229638545,-1.5048825704571283,0.0,1.0,1.0,0.0,0.0,0.0,1.0,0,0.031896427,0
2.2592053176701206,1.4916056850097892,0.31280228836900514,1.0,0.0,1.0,1.0,0.0,0.0,1.0,0,0.14221561,0
-0.4426335190425645,-0.0146683567179348,-1.4718337548421077,0.0,0.0,1.0,0.0,0.0,0.0,0.0,0,0.042988792,0
-0.4426335190425645,1.1252147018868293,1.337315572434644,0.0,0.0,1.0,1.0,0.0,0.0,0.0,0,0.19353205,0
2.2592053176701206,-1.1138413060868144,0.21365584152394335,1.0,0.0,1.0,1.0,1.0,0.0,0.0,0,0.63377804,1
-0.4426335190425645,-1.1545514153226988,-0.51341810200651,1.0,0.0,0.0,1.0,1.0,0.0,0.0,1,0.5878017,1
-0.4426335190425645,-0.2996391213691258,-1.4718337548421077,0.0,0.0,1.0,0.0,1.0,0.0,0.0,0,0.039160907,0
-0.4426335190425645,-0.6253199952562012,-0.31512520831638635,0.0,1.0,1.0,0.0,0.0,1.0,0.0,0,0.18621567,0
-0.4426335190425645,-1.2359716337944677,-0.6125645488515719,0.0,0.0,1.0,0.0,0.0,1.0,0.0,0,0.49320576,0
2.2592053176701206,1.4101854665380202,1.3703643880496645,0.0,0.0,1.0,1.0,1.0,0.0,0.0,0,0.25296718,0
2.2592053176701206,1.4916056850097892,-1.1413455986919014,1.0,0.0,0.0,1.0,1.0,0.0,0.0,0,0.06275495,0
-0.4426335190425645,-0.1775087936614725,0.8415833382093348,0.0,1.0,1.0,0.0,1.0,0.0,0.0,0,0.31660646,0
-0.4426335190425645,-1.0324210876150455,0.9737786006694172,1.0,0.0,1.0,1.0,1.0,0.0,0.0,1,0.63977873,1
-0.4426335190425645,-1.1138413060868144,0.8746321538243554,0.0,0.0,1.0,1.0,1.0,0.0,0.0,1,0.6926843,1
-0.4426335190425645,-0.1775087936614725,1.3703643880496645,1.0,1.0,1.0,1.0,0.0,0.0,1.0,1,0.35566255,0
-0.4426335190425645,0.9623742649432915,-0.4142716551614482,1.0,1.0,0.0,0.0,0.0,0.0,1.0,0,0.018889746,0
-0.4426335190425645,-0.8288705414356234,-0.34817402393140695,1.0,1.0,1.0,1.0,1.0,0.0,0.0,1,0.25287783,0
-0.4426335190425645,-1.2359716337944677,-1.5048825704571283,1.0,0.0,1.0,0.0,0.0,0.0,0.0,0,0.20824154,0
-0.4426335190425645,1.4508955757739046,-1.3065896767670044,1.0,0.0,1.0,1.0,0.0,1.0,0.0,0,0.014194747,0
-0.4426335190425645,1.084504592650945,0.24670465713896395,0.0,1.0,1.0,1.0,1.0,0.0,1.0,0,0.031741366,0
-0.4426335190425645,0.5145630633485628,-0.05073468339622151,0.0,0.0,1.0,0.0,0.0,0.0,0.0,0,0.09957963,0
-0.4426335190425645,-0.8695806506715078,-1.4718337548421077,0.0,0.0,1.0,1.0,1.0,1.0,0.0,0,0.07988297,0
-0.4426335190425645,1.573025903481558,-1.3065896767670044,0.0,0.0,1.0,0.0,1.0,0.0,0.0,0,0.006551838,0
-0.4426335190425645,-0.788160432199739,0.5110951820591287,1.0,0.0,1.0,0.0,1.0,0.0,0.0,1,0.46484667,0
-0.4426335190425645,-0.2589290121332414,-1.5048825704571283,1.0,0.0,1.0,0.0,0.0,0.0,0.0,0,0.047901876,0
-0.4426335190425645,-0.3403492306050102,-0.31512520831638635,0.0,1.0,1.0,1.0,1.0,0.0,0.0,0,0.14883652,0
-0.4426335190425645,-0.2589290121332414,-0.08378349901124212,1.0,0.0,1.0,1.0,0.0,1.0,0.0,0,0.20307995,0
-0.4426335190425645,0.43314284487679394,-0.8108574425416955,1.0,1.0,0.0,1.0,0.0,0.0,1.0,0,0.05660399,0
-0.4426335190425645,1.573025903481558,-1.438784939227087,1.0,0.0,1.0,0.0,0.0,0.0,1.0,0,0.0038674287,0
-0.4426335190425645,-1.276681743030352,0.8415833382093348,1.0,0.0,1.0,0.0,0.0,0.0,0.0,1,0.6955632,1
-0.4426335190425645,-1.276681743030352,-1.5048825704571283,0.0,0.0,1.0,1.0,1.0,1.0,0.0,0,0.16776483,0
-0.4426335190425645,-1.276681743030352,-0.08378349901124212,1.0,0.0,1.0,0.0,1.0,0.0,0.0,1,0.537632,1
-0.4426335190425645,0.7995338279997538,-1.5048825704571283,1.0,1.0,1.0,1.0,1.0,0.0,0.0,0,0.013616114,0
-0.4426335190425645,-1.1545514153226988,0.18060702590892272,0.0,0.0,1.0,1.0,1.0,0.0,1.0,1,0.5196181,1
-0.4426335190425645,-0.3810593398408947,0.8746321538243554,1.0,0.0,1.0,0.0,0.0,0.0,1.0,1,0.3845171,0
-0.4426335190425645,1.4916056850097892,1.1390226787445203,1.0,1.0,1.0,0.0,0.0,0.0,0.0,1,0.09939517,0
-0.4426335190425645,-1.1138413060868144,-1.4718337548421077,0.0,0.0,1.0,0.0,0.0,1.0,0.0,0,0.21846549,0
-0.4426335190425645,-1.276681743030352,-0.34817402393140695,1.0,0.0,1.0,1.0,0.0,0.0,1.0,1,0.50647706,1
-0.4426335190425645,-1.07313119685093,-1.4718337548421077,0.0,0.0,1.0,0.0,0.0,0.0,0.0,0,0.18301427,0
-0.4426335190425645,0.43314284487679394,0.5110951820591287,1.0,0.0,1.0,0.0,1.0,0.0,0.0,0,0.20375356,0
-0.4426335190425645,1.4101854665380202,1.5356084661247675,1.0,0.0,1.0,0.0,0.0,0.0,0.0,0,0.23757347,0
-0.4426335190425645,-1.1138413060868144,-1.4718337548421077,0.0,0.0,1.0,1.0,0.0,0.0,1.0,1,0.116755985,0
-0.4426335190425645,-1.276681743030352,-0.31512520831638635,0.0,0.0,1.0,1.0,1.0,1.0,0.0,1,0.45292848,0
-0.4426335190425645,-0.8695806506715078,-1.4718337548421077,1.0,0.0,1.0,0.0,0.0,0.0,0.0,0,0.10306182,0
-0.4426335190425645,-1.1545514153226988,-0.4473204707764688,1.0,1.0,1.0,1.0,1.0,0.0,0.0,1,0.32483256,0
-0.4426335190425645,0.31101251716914063,0.5441439976741493,1.0,1.0,1.0,0.0,0.0,0.0,1.0,0,0.15431236,0
-0.4426335190425645,-1.276681743030352,-0.6125645488515719,1.0,1.0,1.0,1.0,1.0,0.0,0.0,1,0.3355006,0
-0.4426335190425645,-1.276681743030352,-1.438784939227087,0.0,0.0,1.0,0.0,0.0,0.0,1.0,1,0.21916804,0
2.2592053176701206,-0.4217694490767791,0.8415833382093348,1.0,0.0,1.0,0.0,1.0,1.0,0.0,0,0.48309237,0
-0.4426335190425645,-0.6660301044920857,-1.5048825704571283,0.0,1.0,1.0,1.0,0.0,1.0,0.0,0,0.0739089,0
2.2592053176701206,-0.7067402137279701,1.006827416284438,0.0,0.0,1.0,0.0,0.0,1.0,0.0,0,0.61025167,1
-0.4426335190425645,0.31101251716914063,1.337315572434644,1.0,0.0,1.0,1.0,1.0,1.0,0.0,1,0.29152727,0
-0.4426335190425645,-0.2996391213691258,-1.4718337548421077,0.0,1.0,1.0,1.0,0.0,0.0,1.0,0,0.033461083,0
-0.4426335190425645,-0.8288705414356234,-1.4718337548421077,0.0,1.0,1.0,1.0,1.0,0.0,0.0,1,0.073513344,0
-0.4426335190425645,-1.2359716337944677,-0.4803692863914894,0.0,0.0,1.0,0.0,1.0,0.0,0.0,1,0.46644837,0
-0.4426335190425645,-1.276681743030352,0.57719281328917,0.0,0.0,1.0,1.0,0.0,0.0,1.0,1,0.7391859,1
-0.4426335190425645,-0.8288705414356234,-1.174394414306922,0.0,1.0,0.0,1.0,0.0,0.0,1.0,1,0.21686524,0
-0.4426335190425645,-0.6660301044920857,-1.438784939227087,1.0,0.0,1.0,1.0,1.0,0.0,0.0,0,0.070665814,0
-0.4426335190425645,-0.09608857518970366,1.4364620192797057,0.0,1.0,1.0,0.0,1.0,0.0,0.0,0,0.44906294,0
2.2592053176701206,-1.276681743030352,0.4780463664441082,0.0,0.0,1.0,1.0,0.0,0.0,1.0,1,0.7606077,1
-0.4426335190425645,-1.1952615245585831,0.34585110398402574,0.0,0.0,1.0,1.0,1.0,0.0,1.0,1,0.59710157,1
-0.4426335190425645,1.4101854665380202,0.7754857069792936,1.0,0.0,1.0,0.0,0.0,0.0,1.0,0,0.097255334,0
-0.4426335190425645,0.1481720802256029,-0.11683231462626273,1.0,1.0,0.0,0.0,0.0,0.0,0.0,0,0.21033509,0
-0.4426335190425645,1.206634920358598,-1.5048825704571283,0.0,0.0,1.0,1.0,1.0,0.0,1.0,0,0.006129511,0
-0.4426335190425645,1.003084374179176,0.31280228836900514,0.0,0.0,1.0,1.0,0.0,0.0,0.0,0,0.09215753,0
-0.4426335190425645,-1.2359716337944677,-0.14988113024128333,1.0,1.0,1.0,1.0,1.0,0.0,1.0,0,0.38750145,0
-0.4426335190425645,0.43314284487679394,0.34585110398402574,0.0,1.0,1.0,0.0,0.0,1.0,0.0,0,0.11584308,0
-0.4426335190425645,-0.8288705414356234,0.6763392601342318,0.0,0.0,1.0,1.0,1.0,0.0,0.0,0,0.5705205,1
-0.4426335190425645,0.5145630633485628,-0.4473204707764688,0.0,1.0,0.0,0.0,0.0,0.0,1.0,0,0.018230949,0
-0.4426335190425645,-0.503189667548548,0.8085345225943142,1.0,0.0,1.0,1.0,1.0,0.0,0.0,1,0.4412463,0
-0.4426335190425645,-0.9917109783791611,0.37889991959904634,0.0,0.0,1.0,0.0,0.0,0.0,0.0,0,0.66392636,1
-0.4426335190425645,-0.788160432199739,1.1059738631294997,1.0,0.0,1.0,1.0,0.0,1.0,0.0,1,0.507916,1
-0.4426335190425645,1.003084374179176,1.1059738631294997,1.0,1.0,1.0,0.0,1.0,0.0,0.0,0,0.14006315,0
-0.4426335190425645,1.206634920358598,-1.4718337548421077,1.0,1.0,1.0,0.0,1.0,0.0,0.0,0,0.006957925,0
-0.4426335190425645,-1.0324210876150455,-0.14988113024128333,0.0,0.0,1.0,1.0,1.0,0.0,1.0,1,0.3317182,0
-0.4426335190425645,1.288055138830367,-1.3065896767670044,0.0,0.0,1.0,1.0,1.0,0.0,0.0,0,0.011071967,0
-0.4426335190425645,0.02604175251794963,0.27975347275398454,1.0,0.0,1.0,1.0,0.0,0.0,1.0,0,0.20529789,0
-0.4426335190425645,-0.4624795583126635,0.4449975508290876,1.0,1.0,1.0,0.0,1.0,0.0,1.0,1,0.23910281,0
-0.4426335190425645,0.31101251716914063,1.3703643880496645,0.0,0.0,1.0,1.0,1.0,0.0,1.0,0,0.24980159,0
-0.4426335190425645,1.6137360127174423,-1.5048825704571283,1.0,0.0,1.0,0.0,0.0,0.0,0.0,0,0.008089015,0
-0.4426335190425645,1.5323157942456735,0.5110951820591287,0.0,1.0,1.0,0.0,0.0,0.0,0.0,0,0.025654778,0
-0.4426335190425645,0.47385295411267836,-0.08378349901124212,0.0,0.0,1.0,0.0,1.0,0.0,0.0,0,0.07507688,0
-0.4426335190425645,0.2703024079332562,0.34585110398402574,1.0,0.0,1.0,0.0,0.0,0.0,0.0,1,0.22560833,0
-0.4426335190425645,-1.1545514153226988,-1.4718337548421077,1.0,0.0,1.0,0.0,0.0,0.0,0.0,0,0.1806223,0
2.2592053176701206,0.22959229869737177,0.34585110398402574,0.0,0.0,1.0,1.0,1.0,0.0,0.0,1,0.31240305,0
-0.4426335190425645,1.573025903481558,0.7093880757492524,0.0,0.0,1.0,1.0,1.0,0.0,0.0,0,0.06372478,0
-0.4426335190425645,-1.0324210876150455,1.172071494359541,0.0,0.0,1.0,1.0,1.0,0.0,0.0,0,0.71012557,1
-0.4426335190425645,-1.1545514153226988,-0.017685867781200907,0.0,0.0,1.0,1.0,1.0,0.0,0.0,0,0.5223093,1
-0.4426335190425645,0.10746197098971849,-0.11683231462626273,0.0,0.0,1.0,0.0,1.0,0.0,0.0,0,0.10485052,0
-0.4426335190425645,1.288055138830367,-1.5048825704571283,0.0,0.0,1.0,0.0,0.0,1.0,0.0,0,0.009852071,0
-0.4426335190425645,-1.276681743030352,-1.1413455986919014,0.0,0.0,0.0,0.0,0.0,1.0,0.0,0,0.54604673,1
-0.4426335190425645,-0.21821890289735696,-1.4718337548421077,1.0,0.0,1.0,0.0,0.0,0.0,1.0,0,0.032350555,0
-0.4426335190425645,-1.07313119685093,-1.4718337548421077,0.0,0.0,1.0,1.0,0.0,0.0,0.0,0,0.15877748,0
-0.4426335190425645,-1.276681743030352,-0.31512520831638635,0.0,0.0,1.0,0.0,1.0,0.0,0.0,1,0.5409359,1
2.2592053176701206,-1.0324210876150455,-0.017685867781200907,1.0,0.0,1.0,0.0,0.0,1.0,0.0,0,0.5807675,1
-0.4426335190425645,-0.3403492306050102,-1.438784939227087,0.0,1.0,1.0,1.0,0.0,0.0,0.0,0,0.057438955,0
2.2592053176701206,-0.4217694490767791,1.0729250475144791,1.0,0.0,1.0,1.0,1.0,0.0,0.0,1,0.54374254,1
-0.4426335190425645,-0.788160432199739,-1.4718337548421077,1.0,1.0,1.0,1.0,0.0,1.0,0.0,0,0.08040133,0
-0.4426335190425645,1.573025903481558,-1.3065896767670044,0.0,1.0,1.0,1.0,1.0,0.0,0.0,0,0.0067524295,0
-0.4426335190425645,-1.1138413060868144,0.6763392601342318,0.0,0.0,1.0,0.0,1.0,0.0,0.0,0,0.6966154,1
-0.4426335190425645,0.31101251716914063,-0.4803692863914894,1.0,0.0,1.0,0.0,0.0,0.0,1.0,0,0.06876671,0
-0.4426335190425645,-0.9510008691432766,0.5110951820591287,0.0,0.0,1.0,1.0,1.0,1.0,0.0,1,0.5111376,1
-0.4426335190425645,1.6137360127174423,1.0729250475144791,0.0,0.0,1.0,1.0,1.0,0.0,0.0,0,0.08729308,0
-0.4426335190425645,0.8402439372356382,-0.34817402393140695,0.0,0.0,0.0,0.0,0.0,0.0,0.0,0,0.062312696,0
-0.4426335190425645,0.5552731725844472,1.172071494359541,0.0,1.0,1.0,0.0,0.0,0.0,1.0,0,0.110077605,0
2.2592053176701206,1.3694753573021359,1.2712179412046027,0.0,0.0,1.0,1.0,1.0,0.0,1.0,0,0.17011599,0
-0.4426335190425645,-1.1952615245585831,-0.6456133644665925,1.0,0.0,1.0,1.0,1.0,0.0,1.0,0,0.3426824,0
-0.4426335190425645,-1.07313119685093,0.34585110398402574,1.0,0.0,1.0,0.0,0.0,1.0,0.0,1,0.56602883,1
2.2592053176701206,-0.21821890289735696,1.502559650509747,0.0,0.0,1.0,1.0,0.0,0.0,1.0,0,0.59154785,1
-0.4426335190425645,0.35172262640502505,-0.6456133644665925,0.0,1.0,1.0,1.0,1.0,0.0,0.0,0,0.049203992,0
-0.4426335190425645,-0.9917109783791611,-1.4718337548421077,1.0,1.0,1.0,1.0,1.0,0.0,0.0,0,0.098531544,0
-0.4426335190425645,1.6137360127174423,0.11450939467888152,1.0,0.0,1.0,1.0,1.0,0.0,0.0,0,0.04115214,0
2.2592053176701206,0.1481720802256029,1.0398762318994585,1.0,0.0,1.0,0.0,1.0,0.0,0.0,1,0.46792465,0
-0.4426335190425645,-0.788160432199739,0.8085345225943142,0.0,0.0,1.0,0.0,0.0,0.0,1.0,1,0.61872786,1
-0.4426335190425645,1.206634920358598,-1.4718337548421077,1.0,1.0,1.0,0.0,1.0,0.0,0.0,0,0.006957925,0
-0.4426335190425645,1.4916056850097892,1.3703643880496645,1.0,1.0,1.0,1.0,1.0,0.0,0.0,0,0.12570779,0
-0.4426335190425645,1.2473450295944826,1.172071494359541,0.0,1.0,1.0,0.0,0.0,0.0,0.0,0,0.08844206,0
-0.4426335190425645,1.5323157942456735,1.7008525441998705,0.0,0.0,1.0,1.0,1.0,0.0,0.0,1,0.16915698,0
2.2592053176701206,0.31101251716914063,0.907680969439376,0.0,0.0,1.0,1.0,1.0,0.0,0.0,0,0.40755367,0
-0.4426335190425645,-0.9917109783791611,-1.1413455986919014,1.0,0.0,0.0,0.0,1.0,0.0,0.0,1,0.4188504,0
-0.4426335190425645,-0.8288705414356234,1.172071494359541,1.0,0.0,1.0,0.0,0.0,1.0,0.0,1,0.54045737,1
-0.4426335190425645,-1.2359716337944677,-1.4718337548421077,1.0,0.0,1.0,1.0,1.0,0.0,0.0,0,0.18930224,0
-0.4426335190425645,1.6137360127174423,-0.8769550737717366,1.0,1.0,0.0,0.0,0.0,0.0,0.0,0,0.008662183,0
2.2592053176701206,-0.7474503229638545,-1.4718337548421077,1.0,0.0,1.0,1.0,1.0,0.0,0.0,0,0.28458485,0
-0.4426335190425645,1.084504592650945,1.0398762318994585,0.0,0.0,1.0,0.0,1.0,0.0,0.0,0,0.13358204,0
2.2592053176701206,-1.276681743030352,-0.8108574425416955,1.0,0.0,0.0,1.0,1.0,0.0,0.0,1,0.68099,1
-0.4426335190425645,-0.1775087936614725,-0.9430527050017778,0.0,0.0,0.0,0.0,0.0,1.0,0.0,0,0.15052722,0
2.2592053176701206,-0.8695806506715078,-0.31512520831638635,1.0,1.0,1.0,1.0,1.0,0.0,0.0,0,0.43767467,0
-0.4426335190425645,-0.9102907599073923,-0.7778086269266749,0.0,0.0,0.0,1.0,1.0,0.0,0.0,0,0.381533,0
-0.4426335190425645,-0.9102907599073923,0.6763392601342318,0.0,0.0,1.0,1.0,1.0,0.0,0.0,1,0.6059499,1
-0.4426335190425645,1.4916056850097892,-1.4718337548421077,1.0,0.0,1.0,0.0,0.0,0.0,1.0,0,0.0041732155,0
-0.4426335190425645,-0.9917109783791611,-1.5048825704571283,0.0,0.0,1.0,0.0,0.0,0.0,1.0,0,0.09798712,0
2.2592053176701206,-1.276681743030352,-1.3065896767670044,0.0,0.0,0.0,1.0,1.0,0.0,0.0,1,0.5887432,1
-0.4426335190425645,-0.3403492306050102,0.4780463664441082,0.0,1.0,1.0,1.0,1.0,0.0,0.0,0,0.31453496,0
-0.4426335190425645,1.084504592650945,1.006827416284438,0.0,0.0,1.0,1.0,1.0,0.0,0.0,0,0.13540396,0
-0.4426335190425645,-1.1545514153226988,-1.4718337548421077,1.0,1.0,1.0,0.0,1.0,0.0,0.0,0,0.10313656,0
-0.4426335190425645,-1.2359716337944677,0.34585110398402574,0.0,0.0,1.0,1.0,1.0,1.0,0.0,0,0.60803753,1
-0.4426335190425645,1.4508955757739046,0.5441439976741493,0.0,0.0,1.0,1.0,1.0,0.0,0.0,0,0.061043907,0
-0.4426335190425645,1.4916056850097892,0.907680969439376,1.0,1.0,1.0,1.0,0.0,0.0,1.0,0,0.08162843,0
-0.4426335190425645,-1.2359716337944677,-1.4718337548421077,1.0,0.0,1.0,0.0,0.0,1.0,0.0,0,0.25587964,0
-0.4426335190425645,-0.1775087936614725,0.5441439976741493,0.0,0.0,1.0,0.0,0.0,0.0,1.0,0,0.27286047,0
-0.4426335190425645,-0.09608857518970366,-0.8108574425416955,0.0,0.0,0.0,1.0,1.0,0.0,1.0,0,0.082090385,0
-0.4426335190425645,-0.8288705414356234,0.08146057906386091,1.0,0.0,1.0,0.0,1.0,0.0,0.0,0,0.4169301,0
-0.4426335190425645,-0.3810593398408947,1.1390226787445203,1.0,0.0,1.0,0.0,0.0,0.0,0.0,1,0.41153553,0
-0.4426335190425645,1.003084374179176,-1.4718337548421077,0.0,0.0,1.0,0.0,0.0,0.0,0.0,0,0.011796901,0
-0.4426335190425645,1.3694753573021359,0.8415833382093348,0.0,0.0,1.0,0.0,0.0,0.0,1.0,0,0.037663277,0
-0.4426335190425645,-1.1952615245585831,-0.6456133644665925,1.0,0.0,1.0,1.0,0.0,0.0,0.0,1,0.47293794,0
-0.4426335190425645,-0.9917109783791611,0.34585110398402574,0.0,0.0,1.0,0.0,0.0,0.0,1.0,0,0.60000694,1
-0.4426335190425645,-1.0324210876150455,0.9737786006694172,1.0,0.0,1.0,1.0,0.0,1.0,0.0,1,0.5994384,1
-0.4426335190425645,1.288055138830367,1.3042667568196233,1.0,0.0,1.0,1.0,0.0,0.0,1.0,0,0.19198784,0
-0.4426335190425645,-0.6253199952562012,0.7754857069792936,0.0,1.0,1.0,0.0,0.0,1.0,0.0,1,0.44138187,0
-0.4426335190425645,1.4916056850097892,0.5441439976741493,1.0,1.0,1.0,1.0,0.0,0.0,1.0,0,0.053533643,0
-0.4426335190425645,-0.4217694490767791,1.2051203099745615,1.0,0.0,1.0,1.0,1.0,0.0,1.0,0,0.4629039,0
2.2592053176701206,-0.2996391213691258,1.3703643880496645,1.0,0.0,1.0,0.0,1.0,0.0,0.0,1,0.5515952,1
-0.4426335190425645,0.22959229869737177,0.14755821029390212,1.0,0.0,1.0,0.0,0.0,0.0,0.0,0,0.19625987,0
-0.4426335190425645,-0.9102907599073923,1.2051203099745615,0.0,0.0,1.0,1.0,1.0,0.0,0.0,1,0.68214875,1
-0.4426335190425645,-1.2359716337944677,0.8746321538243554,1.0,0.0,1.0,0.0,0.0,0.0,1.0,0,0.7019447,1
-0.4426335190425645,-0.6253199952562012,-0.678662180081613,1.0,1.0,0.0,0.0,1.0,0.0,0.0,0,0.2250172,0
-0.4426335190425645,-1.1138413060868144,-1.4718337548421077,1.0,0.0,1.0,0.0,1.0,0.0,0.0,0,0.1542259,0
-0.4426335190425645,1.4508955757739046,-0.6456133644665925,0.0,0.0,0.0,0.0,0.0,0.0,1.0,0,0.005922046,0
-0.4426335190425645,-0.0146683567179348,0.18060702590892272,1.0,0.0,1.0,1.0,1.0,0.0,0.0,0,0.22592619,0
-0.4426335190425645,1.4916056850097892,0.6763392601342318,1.0,0.0,1.0,0.0,1.0,0.0,0.0,0,0.07210417,0
-0.4426335190425645,-1.1952615245585831,1.006827416284438,0.0,0.0,1.0,0.0,0.0,0.0,1.0,0,0.7768008,1
-0.4426335190425645,-1.276681743030352,0.6432904445192112,1.0,0.0,1.0,0.0,1.0,0.0,0.0,1,0.6593714,1
-0.4426335190425645,1.6137360127174423,0.27975347275398454,0.0,0.0,1.0,0.0,0.0,1.0,0.0,0,0.03403786,0
-0.4426335190425645,1.1252147018868293,-1.4718337548421077,1.0,0.0,1.0,0.0,0.0,0.0,0.0,0,0.014653118,0
-0.4426335190425645,-1.276681743030352,-0.6125645488515719,1.0,0.0,1.0,1.0,1.0,0.0,0.0,1,0.49191442,0
2.2592053176701206,0.43314284487679394,0.9737786006694172,1.0,0.0,1.0,0.0,0.0,0.0,0.0,0,0.45951515,0
-0.4426335190425645,-1.2359716337944677,0.18060702590892272,0.0,0.0,1.0,1.0,1.0,0.0,0.0,0,0.6180203,1
2.2592053176701206,-0.3810593398408947,1.3042667568196233,1.0,0.0,1.0,1.0,0.0,0.0,0.0,0,0.54718006,1
2.2592053176701206,0.8809540464715226,0.5110951820591287,0.0,0.0,1.0,0.0,0.0,0.0,1.0,1,0.12207922,0
-0.4426335190425645,-1.1545514153226988,-0.5464669176215305,0.0,0.0,0.0,1.0,1.0,0.0,0.0,0,0.5414984,1
-0.4426335190425645,-0.0146683567179348,0.6432904445192112,0.0,0.0,1.0,0.0,0.0,1.0,0.0,1,0.25078934,0
2.2592053176701206,-1.276681743030352,0.24670465713896395,1.0,0.0,1.0,0.0,0.0,0.0,0.0,1,0.711604,1
-0.4426335190425645,-1.276681743030352,-0.678662180081613,0.0,0.0,1.0,0.0,1.0,0.0,0.0,0,0.41152897,0
-0.4426335190425645,1.2473450295944826,-1.5048825704571283,1.0,0.0,1.0,0.0,0.0,0.0,0.0,0,0.012590098,0
-0.4426335190425645,-0.6660301044920857,-0.017685867781200907,1.0,1.0,1.0,0.0,0.0,1.0,0.0,0,0.25586998,0
-0.4426335190425645,1.5323157942456735,0.6763392601342318,0.0,0.0,1.0,0.0,0.0,0.0,0.0,0,0.05753912,0
-0.4426335190425645,-0.21821890289735696,0.8415833382093348,0.0,0.0,1.0,1.0,0.0,1.0,0.0,0,0.27900648,0
-0.4426335190425645,-0.6253199952562012,0.0484117634488403,1.0,0.0,1.0,1.0,1.0,0.0,0.0,0,0.35263002,0
-0.4426335190425645,-0.055378465953819234,0.015362947833819699,0.0,0.0,1.0,1.0,0.0,0.0,0.0,1,0.16351673,0
-0.4426335190425645,-0.6253199952562012,1.0729250475144791,1.0,0.0,1.0,1.0,1.0,0.0,1.0,0,0.48654225,0
-0.4426335190425645,0.5959832818203317,0.6102416289041906,1.0,0.0,1.0,1.0,1.0,1.0,0.0,1,0.14825884,0
-0.4426335190425645,-0.9510008691432766,0.14755821029390212,0.0,0.0,1.0,1.0,1.0,1.0,0.0,0,0.40124214,0
-0.4426335190425645,0.5145630633485628,0.8085345225943142,0.0,0.0,1.0,1.0,1.0,0.0,0.0,1,0.19545846,0
-0.4426335190425645,1.206634920358598,1.0729250475144791,1.0,0.0,1.0,0.0,0.0,0.0,1.0,1,0.18805346,0
-0.4426335190425645,0.43314284487679394,-0.4473204707764688,0.0,1.0,0.0,0.0,0.0,1.0,0.0,0,0.060774818,0
-0.4426335190425645,1.6137360127174423,0.4780463664441082,0.0,1.0,1.0,1.0,1.0,0.0,0.0,0,0.0376511,0
2.2592053176701206,-1.276681743030352,0.27975347275398454,0.0,0.0,1.0,1.0,1.0,0.0,0.0,1,0.69547856,1
-0.4426335190425645,0.9216641557074071,-0.24902757708634515,0.0,0.0,1.0,1.0,1.0,0.0,1.0,0,0.030196372,0
-0.4426335190425645,-0.2589290121332414,-0.5464669176215305,0.0,0.0,0.0,1.0,1.0,1.0,0.0,0,0.14945309,0
-0.4426335190425645,-1.0324210876150455,-0.51341810200651,0.0,1.0,1.0,0.0,0.0,0.0,0.0,0,0.36486417,0
-0.4426335190425645,-0.3403492306050102,-0.31512520831638635,1.0,0.0,1.0,0.0,0.0,0.0,0.0,0,0.20715767,0
-0.4426335190425645,0.22959229869737177,1.006827416284438,1.0,0.0,1.0,0.0,0.0,1.0,0.0,0,0.30319706,0
-0.4426335190425645,-0.5438997767844324,-1.3065896767670044,1.0,1.0,0.0,0.0,0.0,1.0,0.0,0,0.13800637,0
-0.4426335190425645,-0.1775087936614725,-1.4718337548421077,0.0,1.0,1.0,1.0,1.0,0.0,0.0,0,0.035636704,0
-0.4426335190425645,-0.788160432199739,0.31280228836900514,1.0,1.0,1.0,0.0,0.0,0.0,1.0,1,0.35409757,0
-0.4426335190425645,0.22959229869737177,1.5356084661247675,1.0,0.0,1.0,1.0,1.0,1.0,0.0,0,0.3237942,0
-0.4426335190425645,-0.8695806506715078,-0.4473204707764688,0.0,0.0,1.0,1.0,1.0,0.0,0.0,0,0.22846314,0
-0.4426335190425645,-1.07313119685093,-0.05073468339622151,0.0,0.0,0.0,1.0,0.0,0.0,1.0,0,0.6653733,1
-0.4426335190425645,0.43314284487679394,-1.339638492382025,0.0,1.0,1.0,0.0,1.0,1.0,0.0,0,0.013534453,0
2.2592053176701206,-0.8695806506715078,0.4780463664441082,1.0,0.0,1.0,0.0,1.0,0.0,0.0,0,0.58689475,1
-0.4426335190425645,-0.5846098860203168,1.006827416284438,0.0,0.0,1.0,1.0,0.0,0.0,1.0,0,0.5311388,1
-0.4426335190425645,-0.3810593398408947,0.411948735214067,0.0,1.0,1.0,1.0,1.0,0.0,0.0,0,0.30622157,0
-0.4426335190425645,0.9623742649432915,1.7008525441998705,1.0,1.0,1.0,0.0,0.0,0.0,0.0,0,0.29294464,0
-0.4426335190425645,-1.07313119685093,-0.6456133644665925,1.0,0.0,1.0,0.0,0.0,0.0,0.0,1,0.41146734,0
-0.4426335190425645,0.1481720802256029,0.9737786006694172,1.0,0.0,1.0,0.0,1.0,0.0,0.0,0,0.3564102,0
-0.4426335190425645,-0.1775087936614725,-0.14988113024128333,1.0,1.0,0.0,0.0,0.0,0.0,0.0,0,0.25904748,0
-0.4426335190425645,1.206634920358598,-1.4718337548421077,1.0,1.0,1.0,1.0,1.0,0.0,0.0,0,0.00956578,0
-0.4426335190425645,1.3287652480662513,1.5356084661247675,0.0,1.0,1.0,1.0,1.0,0.0,0.0,0,0.15864636,0
-0.4426335190425645,0.2703024079332562,-0.4473204707764688,0.0,0.0,0.0,0.0,0.0,0.0,0.0,1,0.1386199,0
-0.4426335190425645,-1.1952615245585831,-1.4718337548421077,1.0,0.0,1.0,1.0,1.0,0.0,1.0,0,0.14612189,0
2.2592053176701206,-1.1545514153226988,-0.51341810200651,0.0,0.0,1.0,0.0,0.0,0.0,0.0,0,0.59392536,1
-0.4426335190425645,-0.5846098860203168,0.21365584152394335,0.0,0.0,1.0,0.0,0.0,1.0,0.0,0,0.3287556,0
2.2592053176701206,-1.276681743030352,0.21365584152394335,1.0,0.0,1.0,1.0,1.0,0.0,0.0,1,0.6797328,1
-0.4426335190425645,-0.9917109783791611,0.7093880757492524,1.0,0.0,1.0,1.0,1.0,0.0,0.0,0,0.5962218,1
-0.4426335190425645,-1.276681743030352,-1.4718337548421077,1.0,0.0,1.0,0.0,0.0,0.0,1.0,1,0.19921085,0
-0.4426335190425645,-0.2589290121332414,1.172071494359541,0.0,0.0,1.0,1.0,0.0,0.0,0.0,0,0.48322272,0
-0.4426335190425645,-0.7067402137279701,0.7093880757492524,0.0,1.0,1.0,0.0,1.0,0.0,0.0,1,0.45710963,0
-0.4426335190425645,0.718113609527985,1.502559650509747,0.0,0.0,1.0,0.0,0.0,1.0,0.0,0,0.25012475,0
-0.4426335190425645,0.9623742649432915,-1.2735408611519838,1.0,0.0,1.0,0.0,1.0,0.0,0.0,0,0.015386292,0
-0.4426335190425645,1.3287652480662513,0.8746321538243554,1.0,0.0,1.0,0.0,0.0,0.0,0.0,0,0.1456593,0
-0.4426335190425645,0.9623742649432915,0.015362947833819699,0.0,1.0,1.0,1.0,1.0,0.0,1.0,0,0.028906927,0
-0.4426335190425645,-1.1952615245585831,0.37889991959904634,0.0,0.0,1.0,1.0,1.0,1.0,0.0,1,0.6001642,1
-0.4426335190425645,0.5552731725844472,0.0484117634488403,1.0,0.0,1.0,0.0,1.0,0.0,0.0,0,0.10780043,0
-0.4426335190425645,-0.8288705414356234,-1.438784939227087,1.0,1.0,1.0,1.0,0.0,1.0,0.0,0,0.087810226,0
-0.4426335190425645,1.0437944834150603,0.907680969439376,0.0,1.0,1.0,0.0,0.0,1.0,0.0,0,0.08969359,0
-0.4426335190425645,-1.0324210876150455,0.6763392601342318,1.0,0.0,1.0,1.0,1.0,0.0,0.0,1,0.6057771,1
-0.4426335190425645,0.39243273564090947,-1.4718337548421077,1.0,0.0,1.0,0.0,0.0,0.0,0.0,0,0.028680805,0
2.2592053176701206,1.4916056850097892,1.4364620192797057,1.0,0.0,1.0,0.0,1.0,0.0,0.0,1,0.25815907,0
-0.4426335190425645,-1.1545514153226988,0.18060702590892272,1.0,0.0,1.0,0.0,1.0,0.0,0.0,1,0.5367447,1
-0.4426335190425645,1.573025903481558,1.7008525441998705,1.0,0.0,1.0,0.0,0.0,0.0,0.0,0,0.22766979,0
2.2592053176701206,-0.503189667548548,0.5441439976741493,0.0,0.0,1.0,0.0,1.0,0.0,0.0,0,0.5101471,1
-0.4426335190425645,0.9216641557074071,0.14755821029390212,0.0,1.0,1.0,0.0,0.0,1.0,0.0,0,0.04883987,0
2.2592053176701206,-1.276681743030352,-1.438784939227087,0.0,0.0,1.0,1.0,0.0,1.0,0.0,1,0.4317383,0
-0.4426335190425645,-1.2359716337944677,0.14755821029390212,0.0,0.0,1.0,1.0,1.0,0.0,0.0,1,0.6110377,1
-0.4426335190425645,0.6774035002921005,-0.08378349901124212,0.0,1.0,1.0,0.0,0.0,0.0,0.0,0,0.05483448,0
-0.4426335190425645,-0.4217694490767791,-1.4718337548421077,0.0,1.0,1.0,0.0,1.0,0.0,0.0,0,0.035550047,0
-0.4426335190425645,-1.2359716337944677,-1.4718337548421077,0.0,1.0,1.0,1.0,1.0,1.0,0.0,0,0.14677308,0
-0.4426335190425645,1.1252147018868293,-1.438784939227087,1.0,1.0,1.0,0.0,1.0,1.0,0.0,0,0.0072242124,0
-0.4426335190425645,-1.1138413060868144,1.0729250475144791,1.0,0.0,1.0,1.0,0.0,1.0,0.0,0,0.6361194,1
2.2592053176701206,0.39243273564090947,1.006827416284438,0.0,0.0,1.0,0.0,1.0,0.0,0.0,0,0.3911248,0
-0.4426335190425645,-0.8695806506715078,-1.5048825704571283,0.0,1.0,1.0,0.0,0.0,0.0,1.0,1,0.042627484,0
2.2592053176701206,1.003084374179176,1.006827416284438,1.0,0.0,1.0,1.0,0.0,0.0,1.0,1,0.35262987,0
2.2592053176701206,-0.055378465953819234,1.0729250475144791,1.0,0.0,1.0,0.0,0.0,0.0,0.0,0,0.5128492,1
-0.4426335190425645,-0.2996391213691258,-1.438784939227087,1.0,0.0,1.0,0.0,1.0,0.0,0.0,0,0.04450118,0
-0.4426335190425645,1.6137360127174423,0.34585110398402574,0.0,1.0,1.0,0.0,0.0,1.0,0.0,0,0.01846309,0
-0.4426335190425645,-0.21821890289735696,-0.28207639270136575,0.0,0.0,1.0,0.0,0.0,0.0,0.0,0,0.1453814,0
2.2592053176701206,0.47385295411267836,-1.1413455986919014,1.0,0.0,0.0,0.0,0.0,1.0,0.0,1,0.16027828,0
-0.4426335190425645,0.06675186175383406,1.337315572434644,0.0,1.0,1.0,0.0,0.0,0.0,0.0,0,0.46600732,0
-0.4426335190425645,-0.5846098860203168,-1.4718337548421077,0.0,0.0,1.0,0.0,1.0,0.0,0.0,0,0.05579806,0
-0.4426335190425645,0.7995338279997538,0.31280228836900514,0.0,0.0,1.0,0.0,0.0,0.0,1.0,0,0.056975093,0
-0.4426335190425645,-0.8695806506715078,-1.3065896767670044,0.0,1.0,1.0,1.0,0.0,1.0,0.0,0,0.12248647,0
-0.4426335190425645,1.2473450295944826,0.6763392601342318,1.0,0.0,1.0,0.0,1.0,0.0,0.0,0,0.09753357,0
-0.4426335190425645,-0.1367986844255881,1.1390226787445203,1.0,0.0,1.0,0.0,0.0,0.0,0.0,0,0.38022876,0
-0.4426335190425645,-0.1367986844255881,-1.4718337548421077,1.0,0.0,1.0,0.0,0.0,1.0,0.0,0,0.045370482,0
-0.4426335190425645,-0.3403492306050102,-1.438784939227087,0.0,1.0,1.0,1.0,1.0,0.0,1.0,0,0.024958383,0
-0.4426335190425645,-0.7067402137279701,-1.5048825704571283,0.0,0.0,1.0,1.0,1.0,0.0,1.0,1,0.04395643,0
-0.4426335190425645,-1.1545514153226988,-0.6456133644665925,1.0,0.0,0.0,0.0,0.0,0.0,1.0,1,0.5520314,1
-0.4426335190425645,0.5552731725844472,0.34585110398402574,0.0,0.0,1.0,0.0,1.0,0.0,0.0,0,0.11245883,0
-0.4426335190425645,-1.276681743030352,0.5441439976741493,1.0,0.0,1.0,0.0,0.0,0.0,0.0,0,0.6624643,1
-0.4426335190425645,-0.8288705414356234,-1.5048825704571283,1.0,1.0,1.0,0.0,1.0,0.0,0.0,0,0.06118435,0
2.2592053176701206,0.43314284487679394,1.4364620192797057,0.0,0.0,1.0,0.0,0.0,1.0,0.0,1,0.36919636,0
-0.4426335190425645,0.5552731725844472,-0.8108574425416955,1.0,0.0,0.0,1.0,1.0,1.0,0.0,0,0.06631967,0
-0.4426335190425645,-1.07313119685093,0.7093880757492524,0.0,0.0,1.0,1.0,0.0,0.0,0.0,0,0.7001095,1
-0.4426335190425645,1.3694753573021359,1.2712179412046027,0.0,0.0,1.0,0.0,1.0,0.0,0.0,0,0.1209316,0
-0.4426335190425645,1.6137360127174423,0.6432904445192112,0.0,1.0,1.0,1.0,1.0,1.0,0.0,0,0.03496424,0
-0.4426335190425645,1.084504592650945,-1.4718337548421077,1.0,1.0,1.0,0.0,0.0,0.0,1.0,0,0.003488173,0
-0.4426335190425645,1.573025903481558,0.08146057906386091,1.0,1.0,1.0,1.0,1.0,1.0,0.0,0,0.026157888,0
-0.4426335190425645,-0.9917109783791611,-1.4718337548421077,0.0,0.0,1.0,0.0,0.0,0.0,0.0,1,0.15579695,0
-0.4426335190425645,-0.9102907599073923,1.2381691255895821,0.0,1.0,1.0,1.0,1.0,0.0,0.0,1,0.6710315,1
-0.4426335190425645,1.3694753573021359,0.8085345225943142,0.0,0.0,1.0,1.0,1.0,0.0,0.0,0,0.08505843,0
-0.4426335190425645,0.43314284487679394,-1.339638492382025,1.0,1.0,1.0,0.0,0.0,0.0,0.0,0,0.024868678,0
-0.4426335190425645,-0.055378465953819234,0.8746321538243554,0.0,1.0,1.0,0.0,1.0,0.0,0.0,1,0.2927605,0
2.2592053176701206,0.31101251716914063,0.4780463664441082,0.0,0.0,1.0,0.0,0.0,1.0,0.0,1,0.2980696,0
-0.4426335190425645,-0.2996391213691258,1.006827416284438,1.0,0.0,1.0,1.0,0.0,0.0,0.0,1,0.38547936,0
-0.4426335190425645,0.35172262640502505,1.1390226787445203,0.0,0.0,1.0,1.0,1.0,0.0,0.0,0,0.28744268,0
-0.4426335190425645,0.1481720802256029,1.3042667568196233,0.0,1.0,1.0,0.0,0.0,0.0,0.0,0,0.44493398,0
-0.4426335190425645,0.22959229869737177,1.006827416284438,1.0,0.0,1.0,1.0,1.0,0.0,0.0,0,0.3160542,0
-0.4426335190425645,1.573025903481558,1.337315572434644,1.0,1.0,1.0,0.0,0.0,0.0,1.0,0,0.05665967,0
-0.4426335190425645,1.4101854665380202,1.5686572817397881,0.0,1.0,1.0,1.0,1.0,1.0,0.0,0,0.09803046,0
-0.4426335190425645,-1.1138413060868144,0.6432904445192112,1.0,1.0,1.0,1.0,1.0,0.0,0.0,1,0.5286901,1
-0.4426335190425645,1.6137360127174423,-1.339638492382025,1.0,1.0,1.0,0.0,1.0,0.0,0.0,0,0.0049898997,0
-0.4426335190425645,-1.1545514153226988,-0.4473204707764688,0.0,0.0,1.0,0.0,0.0,0.0,0.0,0,0.515339,1
-0.4426335190425645,-1.276681743030352,0.18060702590892272,1.0,0.0,1.0,0.0,1.0,0.0,0.0,1,0.5870909,1
-0.4426335190425645,-0.7067402137279701,-0.843906258156716,0.0,0.0,0.0,0.0,0.0,1.0,0.0,0,0.40223682,0
-0.4426335190425645,0.31101251716914063,0.6763392601342318,1.0,0.0,1.0,0.0,0.0,0.0,1.0,0,0.28148603,0
-0.4426335190425645,-1.276681743030352,-1.1413455986919014,0.0,0.0,0.0,1.0,1.0,0.0,1.0,0,0.40694875,0
-0.4426335190425645,0.10746197098971849,-1.438784939227087,1.0,0.0,1.0,1.0,0.0,1.0,0.0,0,0.040653672,0
-0.4426335190425645,-0.9102907599073923,0.24670465713896395,1.0,0.0,1.0,1.0,0.0,0.0,1.0,1,0.4762695,0
-0.4426335190425645,-1.276681743030352,-1.438784939227087,1.0,0.0,1.0,0.0,0.0,1.0,0.0,0,0.29539013,0
-0.4426335190425645,-0.788160432199739,-1.4718337548421077,1.0,0.0,1.0,1.0,0.0,1.0,0.0,0,0.09606515,0
-0.4426335190425645,1.0437944834150603,-1.4718337548421077,0.0,1.0,1.0,1.0,1.0,0.0,1.0,0,0.00535355,0
-0.4426335190425645,-0.9917109783791611,0.8415833382093348,0.0,0.0,1.0,0.0,1.0,0.0,1.0,0,0.6621201,1
-0.4426335190425645,1.0437944834150603,-0.6456133644665925,1.0,0.0,0.0,1.0,1.0,0.0,0.0,0,0.05432997,0
-0.4426335190425645,-0.5438997767844324,-0.8108574425416955,1.0,0.0,0.0,0.0,0.0,0.0,0.0,1,0.33585134,0
2.2592053176701206,1.6137360127174423,0.7754857069792936,0.0,1.0,1.0,1.0,1.0,0.0,0.0,0,0.10062179,0
2.2592053176701206,-1.1545514153226988,0.34585110398402574,1.0,0.0,1.0,0.0,1.0,0.0,0.0,0,0.6586743,1
-0.4426335190425645,1.3694753573021359,1.3042667568196233,1.0,0.0,1.0,0.0,0.0,1.0,0.0,0,0.1681218,0
-0.4426335190425645,0.8402439372356382,0.7093880757492524,1.0,1.0,1.0,0.0,1.0,0.0,0.0,0,0.1034907,0
-0.4426335190425645,-0.09608857518970366,0.18060702590892272,1.0,0.0,1.0,0.0,0.0,1.0,0.0,0,0.26350877,0
-0.4426335190425645,-0.7474503229638545,0.08146057906386091,1.0,0.0,1.0,0.0,1.0,1.0,0.0,0,0.3857402,0
-0.4426335190425645,-0.503189667548548,1.0398762318994585,0.0,1.0,1.0,1.0,0.0,0.0,0.0,0,0.5196767,1
-0.4426335190425645,-1.276681743030352,-0.34817402393140695,1.0,0.0,1.0,0.0,0.0,0.0,1.0,0,0.47857517,0
-0.4426335190425645,-1.276681743030352,-0.6456133644665925,1.0,0.0,1.0,0.0,0.0,1.0,0.0,0,0.5108526,1
